#
# There is insufficient memory for the Java Runtime Environment to continue.
# Native memory allocation (mmap) failed to map 65536 bytes. Error detail: Failed to commit metaspace.
# Possible reasons:
#   The system is out of physical RAM or swap space
#   This process is running with CompressedOops enabled, and the Java Heap may be blocking the growth of the native heap
# Possible solutions:
#   Reduce memory load on the system
#   Increase physical memory or swap space
#   Check if swap backing store is full
#   Decrease Java heap size (-Xmx/-Xms)
#   Decrease number of Java threads
#   Decrease Java thread stack sizes (-Xss)
#   Set larger code cache with -XX:ReservedCodeCacheSize=
#   JVM is running with Zero Based Compressed Oops mode in which the Java heap is
#     placed in the first 32GB address space. The Java Heap base address is the
#     maximum limit for the native heap growth. Please use -XX:HeapBaseMinAddress
#     to set the Java Heap base and to place the Java Heap above 32GB virtual address.
# This output file may be truncated or incomplete.
#
#  Out of Memory Error (virtualSpaceNode.cpp:113), pid=11652, tid=7616
#
# JRE version: OpenJDK Runtime Environment Temurin-21.0.12.1+1 (21.0.12.1+1) (build 21.0.12.1+1-LTS)
# Java VM: OpenJDK 64-Bit Server VM Temurin-21.0.12.1+1 (21.0.12.1+1-LTS, mixed mode, sharing, tiered, compressed oops, compressed class ptrs, g1 gc, windows-amd64)
# No core dump will be written. Minidumps are not enabled by default on client versions of Windows
#

---------------  S U M M A R Y ------------

Command Line: -XX:MaxMetaspaceSize=2G -XX:+HeapDumpOnOutOfMemoryError --add-opens=java.base/java.util=ALL-UNNAMED --add-opens=java.base/java.lang=ALL-UNNAMED --add-opens=java.base/java.lang.invoke=ALL-UNNAMED --add-opens=java.prefs/java.util.prefs=ALL-UNNAMED --add-opens=java.base/java.nio.charset=ALL-UNNAMED --add-opens=java.base/java.net=ALL-UNNAMED --add-opens=java.base/java.util.concurrent.atomic=ALL-UNNAMED -Xmx4G -Dfile.encoding=utf8 -Duser.country=TR -Duser.language=tr -Duser.variant -javaagent:C:\Users\System Bilgisayar\.gradle\wrapper\dists\gradle-8.7-all\aan3ydargesu18aqyqjwhr3pc\gradle-8.7\lib\agents\gradle-instrumentation-agent-8.7.jar org.gradle.launcher.daemon.bootstrap.GradleDaemon 8.7

Host: Intel(R) Core(TM) i5-7200U CPU @ 2.50GHz, 4 cores, 3G,  Windows 10 , 64 bit Build 19041 (10.0.19041.5915)
Time: Wed Sep  9 01:02:03 2026 Türkiye Standart Saati elapsed time: 525.759308 seconds (0d 0h 8m 45s)

---------------  T H R E A D  ---------------

Current thread (0x0000028118f0ee30):  JavaThread "included builds"        [_thread_in_vm, id=7616, stack(0x000000925ca00000,0x000000925cb00000) (1024K)]

Stack: [0x000000925ca00000,0x000000925cb00000]
Native frames: (J=compiled Java code, j=interpreted, Vv=VM code, C=native code)
V  [jvm.dll+0x6d83e9]
V  [jvm.dll+0x8b5736]
V  [jvm.dll+0x8b7cee]
V  [jvm.dll+0x8b83d3]
V  [jvm.dll+0x284596]
V  [jvm.dll+0x8b147e]
V  [jvm.dll+0x679ad4]
V  [jvm.dll+0x1e849b]
V  [jvm.dll+0x1e825e]
V  [jvm.dll+0x67c3d2]
V  [jvm.dll+0x67c202]
V  [jvm.dll+0x67a4ae]
V  [jvm.dll+0x68b5ad]
V  [jvm.dll+0x68492e]
V  [jvm.dll+0x3ddbe1]
C  0x00000280c0eabc1b

The last pc belongs to method entry point (kind = zerolocals) (printed below).
Java frames: (J=compiled Java code, j=interpreted, Vv=VM code)
j  org.gradle.internal.watch.registry.impl.HierarchicalFileWatcherUpdater.startWatchingProbeDirectory(Ljava/io/File;)V+0
j  org.gradle.internal.watch.registry.impl.AbstractFileWatcherUpdater.lambda$update$3(Ljava/io/File;)V+18
j  org.gradle.internal.watch.registry.impl.AbstractFileWatcherUpdater$$Lambda+0x00000280d1b056e8.accept(Ljava/lang/Object;)V+8
J 3971 c1 java.util.stream.ForEachOps$ForEachOp$OfRef.accept(Ljava/lang/Object;)V java.base@21.0.12.1 (11 bytes) @ 0x00000280ba1231d4 [0x00000280ba1230c0+0x0000000000000114]
J 4427 c2 java.util.stream.ReferencePipeline$2$1.accept(Ljava/lang/Object;)V java.base@21.0.12.1 (27 bytes) @ 0x00000280c14db52c [0x00000280c14db4a0+0x000000000000008c]
J 5864 c1 java.util.Iterator.forEachRemaining(Ljava/util/function/Consumer;)V java.base@21.0.12.1 (30 bytes) @ 0x00000280ba2aa1ec [0x00000280ba2a9fa0+0x000000000000024c]
J 5863 c1 java.util.Spliterators$IteratorSpliterator.forEachRemaining(Ljava/util/function/Consumer;)V java.base@21.0.12.1 (58 bytes) @ 0x00000280ba2a9a3c [0x00000280ba2a9700+0x000000000000033c]
J 4610 c2 java.util.stream.AbstractPipeline.wrapAndCopyInto(Ljava/util/stream/Sink;Ljava/util/Spliterator;)Ljava/util/stream/Sink; java.base@21.0.12.1 (18 bytes) @ 0x00000280c160b00c [0x00000280c160aea0+0x000000000000016c]
J 8675 c1 java.util.stream.ForEachOps$ForEachOp$OfRef.evaluateSequential(Ljava/util/stream/PipelineHelper;Ljava/util/Spliterator;)Ljava/lang/Object; java.base@21.0.12.1 (7 bytes) @ 0x00000280ba6ec9b4 [0x00000280ba6ec860+0x0000000000000154]
J 4697 c2 java.util.stream.AbstractPipeline.evaluate(Ljava/util/stream/TerminalOp;)Ljava/lang/Object; java.base@21.0.12.1 (94 bytes) @ 0x00000280c14f6d58 [0x00000280c14f6c40+0x0000000000000118]
J 8679 c1 java.util.stream.ReferencePipeline.forEach(Ljava/util/function/Consumer;)V java.base@21.0.12.1 (11 bytes) @ 0x00000280ba6ed95c [0x00000280ba6ed700+0x000000000000025c]
j  org.gradle.internal.watch.registry.impl.AbstractFileWatcherUpdater.update(Lorg/gradle/internal/snapshot/SnapshotHierarchy;)V+144
j  org.gradle.internal.watch.registry.impl.AbstractFileWatcherUpdater.virtualFileSystemContentsChanged(Ljava/util/Collection;Ljava/util/Collection;Lorg/gradle/internal/snapshot/SnapshotHierarchy;)V+16
j  org.gradle.internal.watch.registry.impl.DefaultFileWatcherRegistry.virtualFileSystemContentsChanged(Ljava/util/Collection;Ljava/util/Collection;Lorg/gradle/internal/snapshot/SnapshotHierarchy;)V+7
j  org.gradle.internal.watch.vfs.impl.WatchingVirtualFileSystem.lambda$updateNotifyingListeners$0(Lorg/gradle/internal/snapshot/SnapshotHierarchy;Ljava/util/Collection;Ljava/util/Collection;)V+7
j  org.gradle.internal.watch.vfs.impl.WatchingVirtualFileSystem$$Lambda+0x00000280d14f4400.changed(Ljava/util/Collection;Ljava/util/Collection;)V+10
j  org.gradle.internal.watch.registry.impl.SnapshotCollectingDiffListener.publishSnapshotDiff(Lorg/gradle/internal/snapshot/SnapshotHierarchy$SnapshotDiffListener;)V+33
j  org.gradle.internal.watch.vfs.impl.WatchingVirtualFileSystem.lambda$updateNotifyingListeners$1(Lorg/gradle/internal/watch/registry/impl/SnapshotCollectingDiffListener;Lorg/gradle/internal/snapshot/SnapshotHierarchy;)V+8
j  org.gradle.internal.watch.vfs.impl.WatchingVirtualFileSystem$$Lambda+0x00000280d14f4800.run()V+12
j  org.gradle.internal.watch.vfs.impl.WatchingVirtualFileSystem.lambda$withWatcherChangeErrorHandling$9(Ljava/lang/Runnable;Lorg/gradle/internal/snapshot/SnapshotHierarchy;)Lorg/gradle/internal/snapshot/SnapshotHierarchy;+1
j  org.gradle.internal.watch.vfs.impl.WatchingVirtualFileSystem$$Lambda+0x00000280d14f4a28.get()Ljava/lang/Object;+8
j  org.gradle.internal.watch.vfs.impl.WatchingVirtualFileSystem.withWatcherChangeErrorHandling(Lorg/gradle/internal/snapshot/SnapshotHierarchy;Ljava/util/function/Supplier;)Lorg/gradle/internal/snapshot/SnapshotHierarchy;+1
j  org.gradle.internal.watch.vfs.impl.WatchingVirtualFileSystem.withWatcherChangeErrorHandling(Lorg/gradle/internal/snapshot/SnapshotHierarchy;Ljava/lang/Runnable;)Lorg/gradle/internal/snapshot/SnapshotHierarchy;+9
j  org.gradle.internal.watch.vfs.impl.WatchingVirtualFileSystem.updateNotifyingListeners(Lorg/gradle/internal/vfs/impl/AbstractVirtualFileSystem$UpdateFunction;)Lorg/gradle/internal/snapshot/SnapshotHierarchy;+43
j  org.gradle.internal.vfs.impl.AbstractVirtualFileSystem.lambda$storeIfUnchanged$3(Ljava/lang/String;Lorg/gradle/internal/snapshot/FileSystemLocationSnapshot;Lorg/gradle/internal/snapshot/SnapshotHierarchy;)Lorg/gradle/internal/snapshot/SnapshotHierarchy;+9
j  org.gradle.internal.vfs.impl.AbstractVirtualFileSystem$$Lambda+0x00000280d14f78b0.apply(Ljava/lang/Object;)Ljava/lang/Object;+16
j  org.gradle.internal.vfs.impl.AbstractVirtualFileSystem.lambda$updateRootUnderLock$0(Ljava/util/function/UnaryOperator;)V+8
j  org.gradle.internal.vfs.impl.AbstractVirtualFileSystem$$Lambda+0x00000280d137fd10.run()V+8
j  org.gradle.internal.vfs.impl.AbstractVirtualFileSystem.underLock(Ljava/lang/Runnable;)V+8
j  org.gradle.internal.vfs.impl.AbstractVirtualFileSystem.updateRootUnderLock(Ljava/util/function/UnaryOperator;)V+8
j  org.gradle.internal.vfs.impl.AbstractVirtualFileSystem.storeIfUnchanged(Ljava/lang/String;JLorg/gradle/internal/snapshot/FileSystemLocationSnapshot;)V+27
j  org.gradle.internal.vfs.impl.AbstractVirtualFileSystem.lambda$store$1(JLorg/gradle/internal/snapshot/FileSystemLocationSnapshot;)Lorg/gradle/internal/snapshot/FileSystemLocationSnapshot;+9
j  org.gradle.internal.vfs.impl.AbstractVirtualFileSystem$$Lambda+0x00000280d14ecbe8.store(Lorg/gradle/internal/snapshot/FileSystemLocationSnapshot;)Lorg/gradle/internal/snapshot/FileSystemLocationSnapshot;+9
j  org.gradle.internal.vfs.impl.DefaultFileSystemAccess$$Lambda+0x00000280d14eb5a8.accept(Ljava/lang/Object;)V+8
j  org.gradle.internal.snapshot.impl.DirectorySnapshotter.snapshot(Ljava/lang/String;Lorg/gradle/internal/snapshot/SnapshottingFilter$DirectoryWalkerPredicate;Ljava/util/Map;Ljava/util/function/Consumer;)Lorg/gradle/internal/snapshot/FileSystemLocationSnapshot;+85
j  org.gradle.internal.vfs.impl.DefaultFileSystemAccess.lambda$snapshot$8(Ljava/lang/String;Lorg/gradle/internal/snapshot/SnapshottingFilter;Lcom/google/common/collect/ImmutableMap;Lorg/gradle/internal/vfs/VirtualFileSystem$VfsStorer;)Lorg/gradle/internal/snapshot/FileSystemLocationSnapshot;+176
j  org.gradle.internal.vfs.impl.DefaultFileSystemAccess$$Lambda+0x00000280d14e6e90.snapshot(Lorg/gradle/internal/vfs/VirtualFileSystem$VfsStorer;)Ljava/lang/Object;+17
j  org.gradle.internal.vfs.impl.AbstractVirtualFileSystem.store(Ljava/lang/String;Lorg/gradle/internal/vfs/VirtualFileSystem$StoringAction;)Ljava/lang/Object;+17
j  org.gradle.internal.vfs.impl.DefaultFileSystemAccess.snapshot(Ljava/lang/String;Lorg/gradle/internal/snapshot/SnapshottingFilter;)Lorg/gradle/internal/snapshot/FileSystemLocationSnapshot;+62
j  org.gradle.internal.vfs.impl.DefaultFileSystemAccess.lambda$read$7(Ljava/lang/String;Lorg/gradle/internal/snapshot/SnapshottingFilter;)Lorg/gradle/internal/snapshot/FileSystemSnapshot;+3
j  org.gradle.internal.vfs.impl.DefaultFileSystemAccess$$Lambda+0x00000280d1b02920.get()Ljava/lang/Object;+12
J 5061 c1 java.util.Optional.orElseGet(Ljava/util/function/Supplier;)Ljava/lang/Object; java.base@21.0.12.1 (21 bytes) @ 0x00000280ba02b61c [0x00000280ba02b4c0+0x000000000000015c]
j  org.gradle.internal.vfs.impl.DefaultFileSystemAccess.lambda$readSnapshotFromLocation$9(Ljava/lang/String;Ljava/util/function/Function;Ljava/util/function/Supplier;)Ljava/lang/Object;+15
j  org.gradle.internal.vfs.impl.DefaultFileSystemAccess$$Lambda+0x00000280d14e5fb8.get()Ljava/lang/Object;+16
j  org.gradle.internal.vfs.impl.DefaultFileSystemAccess$StripedProducerGuard.guardByKey(Ljava/lang/Object;Ljava/util/function/Supplier;)Ljava/lang/Object;+19
j  org.gradle.internal.vfs.impl.DefaultFileSystemAccess.lambda$readSnapshotFromLocation$10(Ljava/lang/String;Ljava/util/function/Function;Ljava/util/function/Supplier;)Ljava/lang/Object;+14
j  org.gradle.internal.vfs.impl.DefaultFileSystemAccess$$Lambda+0x00000280d14e5d90.get()Ljava/lang/Object;+16
J 5061 c1 java.util.Optional.orElseGet(Ljava/util/function/Supplier;)Ljava/lang/Object; java.base@21.0.12.1 (21 bytes) @ 0x00000280ba02b61c [0x00000280ba02b4c0+0x000000000000015c]
j  org.gradle.internal.vfs.impl.DefaultFileSystemAccess.readSnapshotFromLocation(Ljava/lang/String;Ljava/util/function/Function;Ljava/util/function/Supplier;)Ljava/lang/Object;+23
j  org.gradle.internal.vfs.impl.DefaultFileSystemAccess.read(Ljava/lang/String;Lorg/gradle/internal/snapshot/SnapshottingFilter;)Ljava/util/Optional;+34
j  org.gradle.internal.fingerprint.impl.DefaultFileCollectionSnapshotter$SnapshottingVisitor.visitFileTree(Ljava/io/File;Lorg/gradle/api/tasks/util/PatternSet;Lorg/gradle/api/internal/file/FileTreeInternal;)V+26
j  org.gradle.api.internal.file.collections.FileTreeAdapter$1.visitFileTree(Ljava/io/File;Lorg/gradle/api/tasks/util/PatternSet;Lorg/gradle/api/internal/file/FileTreeInternal;)V+7
j  org.gradle.api.internal.file.collections.DirectoryFileTree.visitStructure(Lorg/gradle/api/internal/file/collections/MinimalFileTree$MinimalFileTreeStructureVisitor;Lorg/gradle/api/internal/file/FileTreeInternal;)V+10
j  org.gradle.api.internal.file.collections.FileTreeAdapter.visitContents(Lorg/gradle/api/internal/file/FileCollectionStructureVisitor;)V+14
J 8731 c1 org.gradle.api.internal.file.AbstractFileCollection.visitStructure(Lorg/gradle/api/internal/file/FileCollectionStructureVisitor;)V (19 bytes) @ 0x00000280ba706274 [0x00000280ba706060+0x0000000000000214]
j  org.gradle.api.internal.file.CompositeFileCollection.lambda$visitContents$0(Lorg/gradle/api/internal/file/FileCollectionStructureVisitor;Lorg/gradle/api/internal/file/FileCollectionInternal;)V+2
j  org.gradle.api.internal.file.CompositeFileCollection$$Lambda+0x00000280d19e4270.accept(Ljava/lang/Object;)V+8
j  org.gradle.api.internal.file.FilteredFileTree.lambda$visitChildren$0(Ljava/util/function/Consumer;Lorg/gradle/api/tasks/util/PatternFilterable;Lorg/gradle/api/internal/file/FileTreeInternal;)V+8
j  org.gradle.api.internal.file.FilteredFileTree$$Lambda+0x00000280d1a1ab58.accept(Ljava/lang/Object;)V+12
j  org.gradle.api.internal.file.FileCollectionBackedFileTree$1.visitFileTree(Ljava/io/File;Lorg/gradle/api/tasks/util/PatternSet;Lorg/gradle/api/internal/file/FileTreeInternal;)V+5
j  org.gradle.api.internal.file.FileCollectionBackedFileTree$2.visitFileTree(Ljava/io/File;Lorg/gradle/api/tasks/util/PatternSet;Lorg/gradle/api/internal/file/FileTreeInternal;)V+7
j  org.gradle.api.internal.file.collections.FileTreeAdapter$1.visitFileTree(Ljava/io/File;Lorg/gradle/api/tasks/util/PatternSet;Lorg/gradle/api/internal/file/FileTreeInternal;)V+7
j  org.gradle.api.internal.file.collections.DirectoryFileTree.visitStructure(Lorg/gradle/api/internal/file/collections/MinimalFileTree$MinimalFileTreeStructureVisitor;Lorg/gradle/api/internal/file/FileTreeInternal;)V+10
j  org.gradle.api.internal.file.collections.FileTreeAdapter.visitContents(Lorg/gradle/api/internal/file/FileCollectionStructureVisitor;)V+14
J 8731 c1 org.gradle.api.internal.file.AbstractFileCollection.visitStructure(Lorg/gradle/api/internal/file/FileCollectionStructureVisitor;)V (19 bytes) @ 0x00000280ba706274 [0x00000280ba706060+0x0000000000000214]
j  org.gradle.api.internal.file.CompositeFileCollection.lambda$visitContents$0(Lorg/gradle/api/internal/file/FileCollectionStructureVisitor;Lorg/gradle/api/internal/file/FileCollectionInternal;)V+2
j  org.gradle.api.internal.file.CompositeFileCollection$$Lambda+0x00000280d19e4270.accept(Ljava/lang/Object;)V+8
j  org.gradle.api.internal.file.DefaultSourceDirectorySet.visitChildren(Ljava/util/function/Consumer;)V+47
j  org.gradle.api.internal.file.CompositeFileCollection.visitContents(Lorg/gradle/api/internal/file/FileCollectionStructureVisitor;)V+7
J 8731 c1 org.gradle.api.internal.file.AbstractFileCollection.visitStructure(Lorg/gradle/api/internal/file/FileCollectionStructureVisitor;)V (19 bytes) @ 0x00000280ba706274 [0x00000280ba706060+0x0000000000000214]
j  org.gradle.api.internal.file.CompositeFileCollection.lambda$visitContents$0(Lorg/gradle/api/internal/file/FileCollectionStructureVisitor;Lorg/gradle/api/internal/file/FileCollectionInternal;)V+2
j  org.gradle.api.internal.file.CompositeFileCollection$$Lambda+0x00000280d19e4270.accept(Ljava/lang/Object;)V+8
J 8691 c1 org.gradle.api.internal.file.collections.UnpackingVisitor.add(Ljava/lang/Object;)V (363 bytes) @ 0x00000280ba6f6cac [0x00000280ba6f4280+0x0000000000002a2c]
J 8691 c1 org.gradle.api.internal.file.collections.UnpackingVisitor.add(Ljava/lang/Object;)V (363 bytes) @ 0x00000280ba6f4fac [0x00000280ba6f4280+0x0000000000000d2c]
J 8691 c1 org.gradle.api.internal.file.collections.UnpackingVisitor.add(Ljava/lang/Object;)V (363 bytes) @ 0x00000280ba6f58b4 [0x00000280ba6f4280+0x0000000000001634]
j  org.gradle.api.internal.file.collections.DefaultConfigurableFileCollection$UnresolvedItemsCollector.visitContents(Ljava/util/function/Consumer;)V+51
j  org.gradle.api.internal.file.collections.DefaultConfigurableFileCollection.visitChildren(Ljava/util/function/Consumer;)V+28
j  org.gradle.api.internal.file.CompositeFileCollection.visitContents(Lorg/gradle/api/internal/file/FileCollectionStructureVisitor;)V+7
J 8731 c1 org.gradle.api.internal.file.AbstractFileCollection.visitStructure(Lorg/gradle/api/internal/file/FileCollectionStructureVisitor;)V (19 bytes) @ 0x00000280ba706274 [0x00000280ba706060+0x0000000000000214]
j  org.gradle.api.internal.file.FileCollectionBackedFileTree.visitContents(Lorg/gradle/api/internal/file/FileCollectionStructureVisitor;)V+13
j  org.gradle.api.internal.file.FileCollectionBackedFileTree.visitContentsAsFileTrees(Ljava/util/function/Consumer;)V+10
j  org.gradle.api.internal.file.FilteredFileTree.visitChildren(Ljava/util/function/Consumer;)V+16
j  org.gradle.api.internal.file.CompositeFileCollection.visitContents(Lorg/gradle/api/internal/file/FileCollectionStructureVisitor;)V+7
J 8731 c1 org.gradle.api.internal.file.AbstractFileCollection.visitStructure(Lorg/gradle/api/internal/file/FileCollectionStructureVisitor;)V (19 bytes) @ 0x00000280ba706274 [0x00000280ba706060+0x0000000000000214]
j  org.gradle.api.internal.file.CompositeFileCollection.lambda$visitContents$0(Lorg/gradle/api/internal/file/FileCollectionStructureVisitor;Lorg/gradle/api/internal/file/FileCollectionInternal;)V+2
j  org.gradle.api.internal.file.CompositeFileCollection$$Lambda+0x00000280d19e4270.accept(Ljava/lang/Object;)V+8
J 8691 c1 org.gradle.api.internal.file.collections.UnpackingVisitor.add(Ljava/lang/Object;)V (363 bytes) @ 0x00000280ba6f6cac [0x00000280ba6f4280+0x0000000000002a2c]
J 8691 c1 org.gradle.api.internal.file.collections.UnpackingVisitor.add(Ljava/lang/Object;)V (363 bytes) @ 0x00000280ba6f4fac [0x00000280ba6f4280+0x0000000000000d2c]
j  org.gradle.api.internal.file.collections.DefaultConfigurableFileCollection$UnresolvedItemsCollector.visitContents(Ljava/util/function/Consumer;)V+51
j  org.gradle.api.internal.file.collections.DefaultConfigurableFileCollection.visitChildren(Ljava/util/function/Consumer;)V+28
j  org.gradle.api.internal.file.CompositeFileCollection.visitContents(Lorg/gradle/api/internal/file/FileCollectionStructureVisitor;)V+7
j  org.gradle.api.internal.file.AbstractFileCollection.visitStructure(Lorg/gradle/api/internal/file/FileCollectionStructureVisitor;)V+15
j  org.gradle.api.internal.file.CompositeFileCollection.lambda$visitContents$0(Lorg/gradle/api/internal/file/FileCollectionStructureVisitor;Lorg/gradle/api/internal/file/FileCollectionInternal;)V+2
j  org.gradle.api.internal.file.CompositeFileCollection$$Lambda+0x00000280d19e4270.accept(Ljava/lang/Object;)V+8
J 8691 c1 org.gradle.api.internal.file.collections.UnpackingVisitor.add(Ljava/lang/Object;)V (363 bytes) @ 0x00000280ba6f6cac [0x00000280ba6f4280+0x0000000000002a2c]
J 8691 c1 org.gradle.api.internal.file.collections.UnpackingVisitor.add(Ljava/lang/Object;)V (363 bytes) @ 0x00000280ba6f4fac [0x00000280ba6f4280+0x0000000000000d2c]
j  org.gradle.api.internal.file.DefaultFileCollectionFactory$ResolvingFileCollection.visitChildren(Ljava/util/function/Consumer;)V+31
j  org.gradle.api.internal.file.CompositeFileCollection.visitContents(Lorg/gradle/api/internal/file/FileCollectionStructureVisitor;)V+7
j  org.gradle.api.internal.file.AbstractFileCollection.visitStructure(Lorg/gradle/api/internal/file/FileCollectionStructureVisitor;)V+15
j  org.gradle.api.internal.file.CompositeFileCollection.lambda$visitContents$0(Lorg/gradle/api/internal/file/FileCollectionStructureVisitor;Lorg/gradle/api/internal/file/FileCollectionInternal;)V+2
j  org.gradle.api.internal.file.CompositeFileCollection$$Lambda+0x00000280d19e4270.accept(Ljava/lang/Object;)V+8
j  org.gradle.api.internal.tasks.PropertyFileCollection.visitChildren(Ljava/util/function/Consumer;)V+5
j  org.gradle.api.internal.file.CompositeFileCollection.visitContents(Lorg/gradle/api/internal/file/FileCollectionStructureVisitor;)V+7
j  org.gradle.api.internal.file.AbstractFileCollection.visitStructure(Lorg/gradle/api/internal/file/FileCollectionStructureVisitor;)V+15
j  org.gradle.internal.fingerprint.impl.DefaultFileCollectionSnapshotter.snapshot(Lorg/gradle/api/file/FileCollection;)Lorg/gradle/internal/execution/FileCollectionSnapshotter$Result;+15
j  org.gradle.internal.execution.impl.DefaultInputFingerprinter$InputCollectingVisitor.visitInputFileProperty(Ljava/lang/String;Lorg/gradle/internal/properties/InputBehavior;Lorg/gradle/internal/execution/UnitOfWork$InputFileValueSupplier;)V+63
j  org.gradle.internal.execution.steps.AbstractSkipEmptyWorkStep$1.visitInputFileProperty(Ljava/lang/String;Lorg/gradle/internal/properties/InputBehavior;Lorg/gradle/internal/execution/UnitOfWork$InputFileValueSupplier;)V+14
j  org.gradle.api.internal.tasks.execution.TaskExecution.visitRegularInputs(Lorg/gradle/internal/execution/UnitOfWork$InputVisitor;)V+156
j  org.gradle.internal.execution.steps.AbstractSkipEmptyWorkStep.lambda$fingerprintPrimaryInputs$2(Lorg/gradle/internal/execution/UnitOfWork;Lorg/gradle/internal/execution/UnitOfWork$InputVisitor;)V+10
j  org.gradle.internal.execution.steps.AbstractSkipEmptyWorkStep$$Lambda+0x00000280d1ae5cf0.accept(Ljava/lang/Object;)V+12
j  org.gradle.internal.execution.impl.DefaultInputFingerprinter.fingerprintInputProperties(Lcom/google/common/collect/ImmutableSortedMap;Lcom/google/common/collect/ImmutableSortedMap;Lcom/google/common/collect/ImmutableSortedMap;Lcom/google/common/collect/ImmutableSortedMap;Ljava/util/function/Consumer;)Lorg/gradle/internal/execution/InputFingerprinter$Result;+30
j  org.gradle.internal.execution.steps.AbstractSkipEmptyWorkStep.fingerprintPrimaryInputs(Lorg/gradle/internal/execution/UnitOfWork;Lorg/gradle/internal/execution/steps/WorkspaceContext;Lcom/google/common/collect/ImmutableSortedMap;Lcom/google/common/collect/ImmutableSortedMap;)Lorg/gradle/internal/execution/InputFingerprinter$Result;+26
j  org.gradle.internal.execution.steps.AbstractSkipEmptyWorkStep.execute(Lorg/gradle/internal/execution/UnitOfWork;Lorg/gradle/internal/execution/steps/WorkspaceContext;)Lorg/gradle/internal/execution/steps/CachingResult;+17
j  org.gradle.internal.execution.steps.AbstractSkipEmptyWorkStep.execute(Lorg/gradle/internal/execution/UnitOfWork;Lorg/gradle/internal/execution/steps/Context;)Lorg/gradle/internal/execution/steps/Result;+6
j  org.gradle.internal.execution.steps.legacy.MarkSnapshottingInputsStartedStep.execute(Lorg/gradle/internal/execution/UnitOfWork;Lorg/gradle/internal/execution/steps/Context;)Lorg/gradle/internal/execution/steps/Result;+12
j  org.gradle.internal.execution.steps.LoadPreviousExecutionStateStep.execute(Lorg/gradle/internal/execution/UnitOfWork;Lorg/gradle/internal/execution/steps/WorkspaceContext;)Lorg/gradle/internal/execution/steps/AfterExecutionResult;+42
j  org.gradle.internal.execution.steps.LoadPreviousExecutionStateStep.execute(Lorg/gradle/internal/execution/UnitOfWork;Lorg/gradle/internal/execution/steps/Context;)Lorg/gradle/internal/execution/steps/Result;+6
j  org.gradle.internal.execution.steps.HandleStaleOutputsStep.execute(Lorg/gradle/internal/execution/UnitOfWork;Lorg/gradle/internal/execution/steps/WorkspaceContext;)Lorg/gradle/internal/execution/steps/AfterExecutionResult;+21
j  org.gradle.internal.execution.steps.HandleStaleOutputsStep.execute(Lorg/gradle/internal/execution/UnitOfWork;Lorg/gradle/internal/execution/steps/Context;)Lorg/gradle/internal/execution/steps/Result;+6
j  org.gradle.internal.execution.steps.AssignMutableWorkspaceStep.lambda$execute$0(Lorg/gradle/internal/execution/steps/IdentityContext;Lorg/gradle/internal/execution/UnitOfWork;Ljava/io/File;Lorg/gradle/internal/execution/history/ExecutionHistoryStore;)Lorg/gradle/internal/execution/steps/WorkspaceResult;+30
j  org.gradle.internal.execution.steps.AssignMutableWorkspaceStep$$Lambda+0x00000280d1ae4f58.executeInWorkspace(Ljava/io/File;Lorg/gradle/internal/execution/history/ExecutionHistoryStore;)Ljava/lang/Object;+14
j  org.gradle.api.internal.tasks.execution.TaskExecution$4.withWorkspace(Ljava/lang/String;Lorg/gradle/internal/execution/workspace/MutableWorkspaceProvider$WorkspaceAction;)Ljava/lang/Object;+33
j  org.gradle.internal.execution.steps.AssignMutableWorkspaceStep.execute(Lorg/gradle/internal/execution/UnitOfWork;Lorg/gradle/internal/execution/steps/IdentityContext;)Lorg/gradle/internal/execution/steps/WorkspaceResult;+26
j  org.gradle.internal.execution.steps.AssignMutableWorkspaceStep.execute(Lorg/gradle/internal/execution/UnitOfWork;Lorg/gradle/internal/execution/steps/Context;)Lorg/gradle/internal/execution/steps/Result;+6
j  org.gradle.internal.execution.steps.ChoosePipelineStep.execute(Lorg/gradle/internal/execution/UnitOfWork;Lorg/gradle/internal/execution/steps/IdentityContext;)Lorg/gradle/internal/execution/steps/Result;+32
j  org.gradle.internal.execution.steps.ChoosePipelineStep.execute(Lorg/gradle/internal/execution/UnitOfWork;Lorg/gradle/internal/execution/steps/Context;)Lorg/gradle/internal/execution/steps/Result;+6
j  org.gradle.internal.execution.steps.ExecuteWorkBuildOperationFiringStep.lambda$execute$2(Lorg/gradle/internal/execution/UnitOfWork;Lorg/gradle/internal/execution/steps/IdentityContext;)Lorg/gradle/internal/execution/steps/CachingResult;+6
j  org.gradle.internal.execution.steps.ExecuteWorkBuildOperationFiringStep$$Lambda+0x00000280d170b770.get()Ljava/lang/Object;+12
J 5061 c1 java.util.Optional.orElseGet(Ljava/util/function/Supplier;)Ljava/lang/Object; java.base@21.0.12.1 (21 bytes) @ 0x00000280ba02b61c [0x00000280ba02b4c0+0x000000000000015c]
j  org.gradle.internal.execution.steps.ExecuteWorkBuildOperationFiringStep.execute(Lorg/gradle/internal/execution/UnitOfWork;Lorg/gradle/internal/execution/steps/IdentityContext;)Lorg/gradle/internal/execution/steps/CachingResult;+25
j  org.gradle.internal.execution.steps.ExecuteWorkBuildOperationFiringStep.execute(Lorg/gradle/internal/execution/UnitOfWork;Lorg/gradle/internal/execution/steps/Context;)Lorg/gradle/internal/execution/steps/Result;+6
j  org.gradle.internal.execution.steps.IdentityCacheStep.execute(Lorg/gradle/internal/execution/UnitOfWork;Lorg/gradle/internal/execution/steps/IdentityContext;)Lorg/gradle/internal/execution/steps/WorkspaceResult;+6
j  org.gradle.internal.execution.steps.IdentityCacheStep.execute(Lorg/gradle/internal/execution/UnitOfWork;Lorg/gradle/internal/execution/steps/Context;)Lorg/gradle/internal/execution/steps/Result;+6
j  org.gradle.internal.execution.steps.IdentifyStep.execute(Lorg/gradle/internal/execution/UnitOfWork;Lorg/gradle/internal/execution/steps/ExecutionRequestContext;)Lorg/gradle/internal/execution/steps/Result;+11
j  org.gradle.internal.execution.steps.IdentifyStep.execute(Lorg/gradle/internal/execution/UnitOfWork;Lorg/gradle/internal/execution/steps/Context;)Lorg/gradle/internal/execution/steps/Result;+6
j  org.gradle.internal.execution.impl.DefaultExecutionEngine$1.execute()Lorg/gradle/internal/execution/ExecutionEngine$Result;+15
j  org.gradle.api.internal.tasks.execution.ExecuteActionsTaskExecuter.executeIfValid(Lorg/gradle/api/internal/TaskInternal;Lorg/gradle/api/internal/tasks/TaskStateInternal;Lorg/gradle/api/internal/tasks/TaskExecutionContext;Lorg/gradle/api/internal/tasks/execution/TaskExecution;)Lorg/gradle/api/internal/tasks/TaskExecuterResult;+54
j  org.gradle.api.internal.tasks.execution.ExecuteActionsTaskExecuter.execute(Lorg/gradle/api/internal/TaskInternal;Lorg/gradle/api/internal/tasks/TaskStateInternal;Lorg/gradle/api/internal/tasks/TaskExecutionContext;)Lorg/gradle/api/internal/tasks/TaskExecuterResult;+65
j  org.gradle.api.internal.tasks.execution.FinalizePropertiesTaskExecuter.execute(Lorg/gradle/api/internal/TaskInternal;Lorg/gradle/api/internal/tasks/TaskStateInternal;Lorg/gradle/api/internal/tasks/TaskExecutionContext;)Lorg/gradle/api/internal/tasks/TaskExecuterResult;+61
j  org.gradle.api.internal.tasks.execution.ResolveTaskExecutionModeExecuter.execute(Lorg/gradle/api/internal/TaskInternal;Lorg/gradle/api/internal/tasks/TaskStateInternal;Lorg/gradle/api/internal/tasks/TaskExecutionContext;)Lorg/gradle/api/internal/tasks/TaskExecuterResult;+56
j  org.gradle.api.internal.tasks.execution.SkipTaskWithNoActionsExecuter.execute(Lorg/gradle/api/internal/TaskInternal;Lorg/gradle/api/internal/tasks/TaskStateInternal;Lorg/gradle/api/internal/tasks/TaskExecutionContext;)Lorg/gradle/api/internal/tasks/TaskExecuterResult;+120
j  org.gradle.api.internal.tasks.execution.SkipOnlyIfTaskExecuter.execute(Lorg/gradle/api/internal/TaskInternal;Lorg/gradle/api/internal/tasks/TaskStateInternal;Lorg/gradle/api/internal/tasks/TaskExecutionContext;)Lorg/gradle/api/internal/tasks/TaskExecuterResult;+199
j  org.gradle.api.internal.tasks.execution.CatchExceptionTaskExecuter.execute(Lorg/gradle/api/internal/TaskInternal;Lorg/gradle/api/internal/tasks/TaskStateInternal;Lorg/gradle/api/internal/tasks/TaskExecutionContext;)Lorg/gradle/api/internal/tasks/TaskExecuterResult;+7
j  org.gradle.api.internal.tasks.execution.EventFiringTaskExecuter$1.executeTask(Lorg/gradle/internal/operations/BuildOperationContext;)Lorg/gradle/api/internal/tasks/TaskExecuterResult;+136
j  org.gradle.api.internal.tasks.execution.EventFiringTaskExecuter$1.call(Lorg/gradle/internal/operations/BuildOperationContext;)Lorg/gradle/api/internal/tasks/TaskExecuterResult;+2
j  org.gradle.api.internal.tasks.execution.EventFiringTaskExecuter$1.call(Lorg/gradle/internal/operations/BuildOperationContext;)Ljava/lang/Object;+2
j  org.gradle.internal.operations.DefaultBuildOperationRunner$CallableBuildOperationWorker.execute(Lorg/gradle/internal/operations/CallableBuildOperation;Lorg/gradle/internal/operations/BuildOperationContext;)V+3
j  org.gradle.internal.operations.DefaultBuildOperationRunner$CallableBuildOperationWorker.execute(Lorg/gradle/internal/operations/BuildOperation;Lorg/gradle/internal/operations/BuildOperationContext;)V+6
J 8056 c1 org.gradle.internal.operations.DefaultBuildOperationRunner$2.execute(Lorg/gradle/internal/operations/BuildOperationDescriptor;Lorg/gradle/internal/operations/BuildOperationState;Lorg/gradle/internal/operations/BuildOperationState;Lorg/gradle/internal/operations/DefaultBuildOperationRunner$ReadableBuildOperationContext;Lorg/gradle/internal/operations/DefaultBuildOperationRunner$BuildOperationExecutionListener;)Lorg/gradle/internal/operations/BuildOperation; (110 bytes) @ 0x00000280ba5d1a4c [0x00000280ba5d1840+0x000000000000020c]
J 8063 c1 org.gradle.internal.operations.DefaultBuildOperationRunner$2.execute(Lorg/gradle/internal/operations/BuildOperationDescriptor;Lorg/gradle/internal/operations/BuildOperationState;Lorg/gradle/internal/operations/BuildOperationState;Lorg/gradle/internal/operations/DefaultBuildOperationRunner$ReadableBuildOperationContext;Lorg/gradle/internal/operations/DefaultBuildOperationRunner$BuildOperationExecutionListener;)Ljava/lang/Object; (12 bytes) @ 0x00000280ba5d44bc [0x00000280ba5d4440+0x000000000000007c]
j  org.gradle.internal.operations.DefaultBuildOperationRunner.execute(Lorg/gradle/internal/operations/BuildOperationDescriptor$Builder;Lorg/gradle/internal/operations/BuildOperationState;Lorg/gradle/internal/operations/DefaultBuildOperationRunner$BuildOperationExecution;)Ljava/lang/Object;+141
J 7500 c1 org.gradle.internal.operations.DefaultBuildOperationRunner.execute(Lorg/gradle/internal/operations/BuildOperation;Lorg/gradle/internal/operations/BuildOperationWorker;Lorg/gradle/internal/operations/BuildOperationState;)V (23 bytes) @ 0x00000280b9f6a2a4 [0x00000280b9f69fe0+0x00000000000002c4]
j  org.gradle.internal.operations.DefaultBuildOperationRunner.call(Lorg/gradle/internal/operations/CallableBuildOperation;)Ljava/lang/Object;+16
j  org.gradle.internal.operations.DefaultBuildOperationExecutor.call(Lorg/gradle/internal/operations/CallableBuildOperation;)Ljava/lang/Object;+5
j  org.gradle.api.internal.tasks.execution.EventFiringTaskExecuter.execute(Lorg/gradle/api/internal/TaskInternal;Lorg/gradle/api/internal/tasks/TaskStateInternal;Lorg/gradle/api/internal/tasks/TaskExecutionContext;)Lorg/gradle/api/internal/tasks/TaskExecuterResult;+15
j  org.gradle.execution.plan.LocalTaskNodeExecutor.execute(Lorg/gradle/execution/plan/Node;Lorg/gradle/api/internal/tasks/NodeExecutionContext;)Z+87
j  org.gradle.execution.taskgraph.DefaultTaskExecutionGraph$InvokeNodeExecutorsAction.execute(Lorg/gradle/execution/plan/Node;)V+46
j  org.gradle.execution.taskgraph.DefaultTaskExecutionGraph$InvokeNodeExecutorsAction.execute(Ljava/lang/Object;)V+5
j  org.gradle.execution.taskgraph.DefaultTaskExecutionGraph$BuildOperationAwareExecutionAction.lambda$execute$0(Lorg/gradle/execution/plan/Node;)V+5
j  org.gradle.execution.taskgraph.DefaultTaskExecutionGraph$BuildOperationAwareExecutionAction$$Lambda+0x00000280d1acc658.run()V+8
j  org.gradle.internal.operations.CurrentBuildOperationRef.with(Lorg/gradle/internal/operations/BuildOperationRef;Ljava/lang/Runnable;)V+11
j  org.gradle.execution.taskgraph.DefaultTaskExecutionGraph$BuildOperationAwareExecutionAction.execute(Lorg/gradle/execution/plan/Node;)V+14
j  org.gradle.execution.taskgraph.DefaultTaskExecutionGraph$BuildOperationAwareExecutionAction.execute(Ljava/lang/Object;)V+5
j  org.gradle.execution.plan.DefaultPlanExecutor$ExecutorWorker.execute(Ljava/lang/Object;Lorg/gradle/execution/plan/WorkSource;Lorg/gradle/api/Action;)V+14
j  org.gradle.execution.plan.DefaultPlanExecutor$ExecutorWorker.run()V+75
j  org.gradle.execution.plan.DefaultPlanExecutor.process(Lorg/gradle/execution/plan/WorkSource;Lorg/gradle/api/Action;)Lorg/gradle/internal/build/ExecutionResult;+101
j  org.gradle.execution.taskgraph.DefaultTaskExecutionGraph.executeWithServices(Lorg/gradle/execution/ProjectExecutionServiceRegistry;)Lorg/gradle/internal/build/ExecutionResult;+41
j  org.gradle.execution.taskgraph.DefaultTaskExecutionGraph.execute(Lorg/gradle/execution/plan/FinalizedExecutionPlan;)Lorg/gradle/internal/build/ExecutionResult;+36
j  org.gradle.execution.SelectedTaskExecutionAction.execute(Lorg/gradle/api/internal/GradleInternal;Lorg/gradle/execution/plan/FinalizedExecutionPlan;)Lorg/gradle/internal/build/ExecutionResult;+14
j  org.gradle.execution.DryRunBuildExecutionAction.execute(Lorg/gradle/api/internal/GradleInternal;Lorg/gradle/execution/plan/FinalizedExecutionPlan;)Lorg/gradle/internal/build/ExecutionResult;+119
j  org.gradle.execution.BuildOperationFiringBuildWorkerExecutor$ExecuteTasks.call(Lorg/gradle/internal/operations/BuildOperationContext;)Lorg/gradle/internal/build/ExecutionResult;+15
j  org.gradle.execution.BuildOperationFiringBuildWorkerExecutor$ExecuteTasks.call(Lorg/gradle/internal/operations/BuildOperationContext;)Ljava/lang/Object;+2
j  org.gradle.internal.operations.DefaultBuildOperationRunner$CallableBuildOperationWorker.execute(Lorg/gradle/internal/operations/CallableBuildOperation;Lorg/gradle/internal/operations/BuildOperationContext;)V+3
j  org.gradle.internal.operations.DefaultBuildOperationRunner$CallableBuildOperationWorker.execute(Lorg/gradle/internal/operations/BuildOperation;Lorg/gradle/internal/operations/BuildOperationContext;)V+6
J 8056 c1 org.gradle.internal.operations.DefaultBuildOperationRunner$2.execute(Lorg/gradle/internal/operations/BuildOperationDescriptor;Lorg/gradle/internal/operations/BuildOperationState;Lorg/gradle/internal/operations/BuildOperationState;Lorg/gradle/internal/operations/DefaultBuildOperationRunner$ReadableBuildOperationContext;Lorg/gradle/internal/operations/DefaultBuildOperationRunner$BuildOperationExecutionListener;)Lorg/gradle/internal/operations/BuildOperation; (110 bytes) @ 0x00000280ba5d1a4c [0x00000280ba5d1840+0x000000000000020c]
J 8063 c1 org.gradle.internal.operations.DefaultBuildOperationRunner$2.execute(Lorg/gradle/internal/operations/BuildOperationDescriptor;Lorg/gradle/internal/operations/BuildOperationState;Lorg/gradle/internal/operations/BuildOperationState;Lorg/gradle/internal/operations/DefaultBuildOperationRunner$ReadableBuildOperationContext;Lorg/gradle/internal/operations/DefaultBuildOperationRunner$BuildOperationExecutionListener;)Ljava/lang/Object; (12 bytes) @ 0x00000280ba5d44bc [0x00000280ba5d4440+0x000000000000007c]
J 7502 c1 org.gradle.internal.operations.DefaultBuildOperationRunner.execute(Lorg/gradle/internal/operations/BuildOperationDescriptor$Builder;Lorg/gradle/internal/operations/BuildOperationState;Lorg/gradle/internal/operations/DefaultBuildOperationRunner$BuildOperationExecution;)Ljava/lang/Object; (147 bytes) @ 0x00000280b99bb1dc [0x00000280b99ba600+0x0000000000000bdc]
J 7500 c1 org.gradle.internal.operations.DefaultBuildOperationRunner.execute(Lorg/gradle/internal/operations/BuildOperation;Lorg/gradle/internal/operations/BuildOperationWorker;Lorg/gradle/internal/operations/BuildOperationState;)V (23 bytes) @ 0x00000280b9f6a2a4 [0x00000280b9f69fe0+0x00000000000002c4]
j  org.gradle.internal.operations.DefaultBuildOperationRunner.call(Lorg/gradle/internal/operations/CallableBuildOperation;)Ljava/lang/Object;+16
j  org.gradle.internal.operations.DefaultBuildOperationExecutor.call(Lorg/gradle/internal/operations/CallableBuildOperation;)Ljava/lang/Object;+5
j  org.gradle.execution.BuildOperationFiringBuildWorkerExecutor.execute(Lorg/gradle/api/internal/GradleInternal;Lorg/gradle/execution/plan/FinalizedExecutionPlan;)Lorg/gradle/internal/build/ExecutionResult;+14
j  org.gradle.internal.build.DefaultBuildLifecycleController.lambda$executeTasks$10(Lorg/gradle/internal/build/DefaultBuildLifecycleController$DefaultBuildWorkPlan;)Lorg/gradle/internal/build/ExecutionResult;+95
j  org.gradle.internal.build.DefaultBuildLifecycleController$$Lambda+0x00000280d1ac4620.get()Ljava/lang/Object;+8
j  org.gradle.internal.model.StateTransitionController.doTransition(Lorg/gradle/internal/model/StateTransitionController$State;Lorg/gradle/internal/model/StateTransitionController$State;Ljava/util/function/Supplier;)Lorg/gradle/internal/build/ExecutionResult;+24
j  org.gradle.internal.model.StateTransitionController.lambda$tryTransition$8(Lorg/gradle/internal/model/StateTransitionController$State;Lorg/gradle/internal/model/StateTransitionController$State;Ljava/util/function/Supplier;)Lorg/gradle/internal/build/ExecutionResult;+4
j  org.gradle.internal.model.StateTransitionController$$Lambda+0x00000280d1ac4848.create()Ljava/lang/Object;+16
j  org.gradle.internal.work.DefaultSynchronizer.withLock(Lorg/gradle/internal/Factory;)Ljava/lang/Object;+6
j  org.gradle.internal.model.StateTransitionController.tryTransition(Lorg/gradle/internal/model/StateTransitionController$State;Lorg/gradle/internal/model/StateTransitionController$State;Ljava/util/function/Supplier;)Lorg/gradle/internal/build/ExecutionResult;+13
j  org.gradle.internal.build.DefaultBuildLifecycleController.executeTasks(Lorg/gradle/execution/plan/BuildWorkPlan;)Lorg/gradle/internal/build/ExecutionResult;+34
j  org.gradle.internal.build.DefaultBuildWorkGraphController$DefaultBuildWorkGraph.runWork()Lorg/gradle/internal/build/ExecutionResult;+95
j  org.gradle.composite.internal.DefaultBuildController$$Lambda+0x00000280d1ac8ac8.create()Ljava/lang/Object;+4
j  org.gradle.internal.work.DefaultWorkerLeaseService.withLocks(Ljava/util/Collection;Lorg/gradle/internal/Factory;)Ljava/lang/Object;+28
j  org.gradle.internal.work.DefaultWorkerLeaseService.runAsWorkerThread(Lorg/gradle/internal/Factory;)Ljava/lang/Object;+33
j  org.gradle.composite.internal.DefaultBuildController.doRun()Lorg/gradle/internal/build/ExecutionResult;+18
j  org.gradle.composite.internal.DefaultBuildController.access$000(Lorg/gradle/composite/internal/DefaultBuildController;)Lorg/gradle/internal/build/ExecutionResult;+1
j  org.gradle.composite.internal.DefaultBuildController$BuildOpRunnable.lambda$run$0()V+8
j  org.gradle.composite.internal.DefaultBuildController$BuildOpRunnable$$Lambda+0x00000280d1ac88a0.run()V+4
j  org.gradle.internal.operations.CurrentBuildOperationRef.with(Lorg/gradle/internal/operations/BuildOperationRef;Ljava/lang/Runnable;)V+11
j  org.gradle.composite.internal.DefaultBuildController$BuildOpRunnable.run()V+13
J 7782 c1 java.util.concurrent.Executors$RunnableAdapter.call()Ljava/lang/Object; java.base@21.0.12.1 (14 bytes) @ 0x00000280ba55a75c [0x00000280ba55a640+0x000000000000011c]
J 7859 c1 java.util.concurrent.FutureTask.run()V java.base@21.0.12.1 (123 bytes) @ 0x00000280ba58ea9c [0x00000280ba58e340+0x000000000000075c]
J 6069 c1 org.gradle.internal.concurrent.ExecutorPolicy$CatchAndRecordFailures.onExecute(Ljava/lang/Runnable;)V (29 bytes) @ 0x00000280ba2f0684 [0x00000280ba2f0560+0x0000000000000124]
J 7392 c1 org.gradle.internal.concurrent.AbstractManagedExecutor$1.run()V (57 bytes) @ 0x00000280ba4be9fc [0x00000280ba4be820+0x00000000000001dc]
j  java.util.concurrent.ThreadPoolExecutor.runWorker(Ljava/util/concurrent/ThreadPoolExecutor$Worker;)V+92 java.base@21.0.12.1
j  java.util.concurrent.ThreadPoolExecutor$Worker.run()V+5 java.base@21.0.12.1
j  java.lang.Thread.runWith(Ljava/lang/Object;Ljava/lang/Runnable;)V+5 java.base@21.0.12.1
j  java.lang.Thread.run()V+19 java.base@21.0.12.1
v  ~StubRoutines::call_stub 0x00000280c0ea100d
method entry point (kind = zerolocals)  [0x00000280c0eaba40, 0x00000280c0eabe08]  968 bytes
[MachCode]
  0x00000280c0eaba40: 488b 5308 | 0fb7 4a2e | 0fb7 522c | 2bd1 81fa | f501 0000 | 0f86 2500 | 0000 488b | c248 c1e0 
  0x00000280c0eaba60: 0348 83c0 | 5849 0387 | d004 0000 | 483b e00f | 870a 0000 | 0058 498b | e550 e901 | acff ff58 
  0x00000280c0eaba80: 4c8d 74cc | f885 d20f | 8e09 0000 | 0068 0000 | 0000 ffca | 7ff7 5055 | 488b ec41 | 5568 0000 
  0x00000280c0eabaa0: 0000 4c8b | 6b08 4d8d | 6d38 5348 | 8b53 0848 | 8b52 0848 | 8b52 1848 | 8b52 7048 | 8b12 5248 
  0x00000280c0eabac0: 8b53 1048 | 85d2 0f84 | 0700 0000 | 4881 c208 | 0100 0052 | 488b 5308 | 488b 5208 | 488b 5210 
  0x00000280c0eabae0: 5249 8bc6 | 482b c548 | c1e8 0350 | 4155 6800 | 0000 0048 | 8924 2441 | c687 7904 | 0000 0148 
  0x00000280c0eabb00: 8b45 d848 | 85c0 0f84 | 9100 0000 | 8b48 fc85 | c90f 8886 | 0000 0048 | 03c1 488b | 4808 4883 
  0x00000280c0eabb20: e902 488b | 54c8 1048 | f7da 498b | 14d6 4885 | d275 10f6 | 44c8 1801 | 755d f048 | 834c c818 
  0x00000280c0eabb40: 01eb 548b | 5208 49ba | 0000 00d0 | 8002 0000 | 4903 d24c | 8bd2 4833 | 54c8 1848 | f7c2 fcff 
  0x00000280c0eabb60: ffff 7433 | f6c2 0275 | 2e48 837c | c818 0074 | 2148 837c | c818 0174 | 1949 8bd2 | 4833 54c8 
  0x00000280c0eabb80: 1848 f7c2 | fcff ffff | 740d 4883 | 4cc8 1802 | eb05 4889 | 54c8 1848 | 83e9 0279 | 8548 8b43 
  0x00000280c0eabba0: 1048 85c0 | 7420 8b88 | cc00 0000 | 83c1 0289 | 88cc 0000 | 0023 88e0 | 0000 000f | 8496 0100 
  0x00000280c0eabbc0: 00e9 cf00 | 0000 488b | 4318 4885 | c00f 85b0 | 0000 00e8 | 0500 0000 | e999 0000 | 0048 8bd3 
  0x00000280c0eabbe0: 488d 4424 | 084c 896d | c049 8bcf | c5f8 7749 | 89af b003 | 0000 4989 | 87a0 0300 | 0048 83ec 
  0x00000280c0eabc00: 2040 f6c4 | 0f0f 8419 | 0000 0048 | 83ec 0848 | b8c0 db64 | 65fd 7f00 | 00ff d048 | 83c4 08e9 
  0x00000280c0eabc20: 0c00 0000 | 48b8 c0db | 6465 fd7f | 0000 ffd0 | 4883 c420 | 49c7 87a0 | 0300 0000 | 0000 0049 
  0x00000280c0eabc40: c787 b003 | 0000 0000 | 0000 49c7 | 87a8 0300 | 0000 0000 | 00c5 f877 | 4983 7f08 | 000f 8405 
  0x00000280c0eabc60: 0000 00e9 | 9852 ffff | 4c8b 6dc0 | 4c8b 75c8 | 4e8d 74f5 | 00c3 488b | 4318 4885 | c00f 8412 
  0x00000280c0eabc80: 0000 008b | 4808 83c1 | 0289 4808 | 2348 1c0f | 84c2 0000 | 0049 3ba7 | e804 0000 | 0f87 4800 
  0x00000280c0eabca0: 0000 8984 | 2400 f0ff | ff89 8424 | 00e0 ffff | 8984 2400 | d0ff ff89 | 8424 00c0 | ffff 8984 
  0x00000280c0eabcc0: 2400 b0ff | ff89 8424 | 00a0 ffff | 8984 2400 | 90ff ff89 | 8424 0080 | ffff 493b | a7e0 0400 
  0x00000280c0eabce0: 0076 0749 | 89a7 e804 | 0000 41c6 | 8779 0400 | 0000 49ba | 066d f165 | fd7f 0000 | 4180 3a00 
  0x00000280c0eabd00: 0f84 3e00 | 0000 488b | 55e8 498b | cf48 83ec | 2040 f6c4 | 0f0f 8419 | 0000 0048 | 83ec 0848 
  0x00000280c0eabd20: b8e0 ea9a | 65fd 7f00 | 00ff d048 | 83c4 08e9 | 0c00 0000 | 48b8 e0ea | 9a65 fd7f | 0000 ffd0 
  0x00000280c0eabd40: 4883 c420 | 410f b65d | 0049 ba50 | 3df4 65fd | 7f00 0041 | ff24 daba | 0000 0000 | e805 0000 
  0x00000280c0eabd60: 00e9 9600 | 0000 488d | 4424 084c | 896d c049 | 8bcf c5f8 | 7749 89af | b003 0000 | 4989 87a0 
  0x00000280c0eabd80: 0300 0048 | 83ec 2040 | f6c4 0f0f | 8419 0000 | 0048 83ec | 0848 b880 | e664 65fd | 7f00 00ff 
  0x00000280c0eabda0: d048 83c4 | 08e9 0c00 | 0000 48b8 | 80e6 6465 | fd7f 0000 | ffd0 4883 | c420 49c7 | 87a0 0300 
  0x00000280c0eabdc0: 0000 0000 | 0049 c787 | b003 0000 | 0000 0000 | 49c7 87a8 | 0300 0000 | 0000 00c5 | f877 4983 
  0x00000280c0eabde0: 7f08 000f | 8405 0000 | 00e9 1251 | ffff 4c8b | 6dc0 4c8b | 75c8 4e8d | 74f5 00c3 | 488b 5de8 
  0x00000280c0eabe00: e990 feff | ff66 6690 
[/MachCode]

Compiled method (c1) 526593 3971       3       java.util.stream.ForEachOps$ForEachOp$OfRef::accept (11 bytes)
 total in heap  [0x00000280ba122f10,0x00000280ba123328] = 1048
 relocation     [0x00000280ba123070,0x00000280ba1230b0] = 64
 main code      [0x00000280ba1230c0,0x00000280ba123258] = 408
 stub code      [0x00000280ba123258,0x00000280ba1232a0] = 72
 metadata       [0x00000280ba1232a0,0x00000280ba1232a8] = 8
 scopes data    [0x00000280ba1232a8,0x00000280ba1232c0] = 24
 scopes pcs     [0x00000280ba1232c0,0x00000280ba123310] = 80
 dependencies   [0x00000280ba123310,0x00000280ba123318] = 8
 nul chk table  [0x00000280ba123318,0x00000280ba123328] = 16

[Constant Pool (empty)]

[MachCode]
[Entry Point]
  # {method} {0x00000280d0348700} 'accept' '(Ljava/lang/Object;)V' in 'java/util/stream/ForEachOps$ForEachOp$OfRef'
  # this:     rdx:rdx   = 'java/util/stream/ForEachOps$ForEachOp$OfRef'
  # parm0:    r8:r8     = 'java/lang/Object'
  #           [sp+0x30]  (sp of caller)
  0x00000280ba1230c0: 448b 5208 | 49bb 0000 | 00d0 8002 | 0000 4d03 | d34c 3bd0 

  0x00000280ba1230d4: ;   {runtime_call ic_miss_stub}
  0x00000280ba1230d4: 0f85 a6b6 | dc06 660f | 1f44 0000 
[Verified Entry Point]
  0x00000280ba1230e0: 8984 2400 | 80ff ff55 | 4883 ec20 | 4181 7f20 | 1300 0000 

  0x00000280ba1230f4: ;   {runtime_call StubRoutines (final stubs)}
  0x00000280ba1230f4: 7405 e8e5 

  0x00000280ba1230f8: ;   {metadata(method data for {method} {0x00000280d0348700} 'accept' '(Ljava/lang/Object;)V' in 'java/util/stream/ForEachOps$ForEachOp$OfRef')}
  0x00000280ba1230f8: 33db 0648 | bef0 83fa | 1181 0200 | 008b becc | 0000 0083 | c702 89be | cc00 0000 | 81e7 fe07 
  0x00000280ba123118: 0000 85ff | 0f84 cd00 | 0000 8b52 | 1048 c1e2 | 0348 3b02 

  0x00000280ba12312c: ;   {metadata(method data for {method} {0x00000280d0348700} 'accept' '(Ljava/lang/Object;)V' in 'java/util/stream/ForEachOps$ForEachOp$OfRef')}
  0x00000280ba12312c: 488b f248 | bff0 83fa | 1181 0200 | 008b 7608 | 49ba 0000 | 00d0 8002 | 0000 4903 | f248 3bb7 
  0x00000280ba12314c: 2001 0000 | 750d 4883 | 8728 0100 | 0001 e960 | 0000 0048 | 3bb7 3001 | 0000 750d | 4883 8738 
  0x00000280ba12316c: 0100 0001 | e94a 0000 | 0048 83bf | 2001 0000 | 0075 1748 | 89b7 2001 | 0000 48c7 | 8728 0100 
  0x00000280ba12318c: 0001 0000 | 00e9 2900 | 0000 4883 | bf30 0100 | 0000 7517 | 4889 b730 | 0100 0048 | c787 3801 
  0x00000280ba1231ac: 0000 0100 | 0000 e908 | 0000 0048 | 8387 1001 | 0000 0166 | 0f1f 4400 | 0048 b8e0 | d346 1781 
  0x00000280ba1231cc: ;   {virtual_call}
  0x00000280ba1231cc: 0200 00e8 

  0x00000280ba1231d0: ; ImmutableOopMap {}
                      ;*invokeinterface accept {reexecute=0 rethrow=0 return_oop=0}
                      ; - java.util.stream.ForEachOps$ForEachOp$OfRef::accept@5
  0x00000280ba1231d0: 3c47 e906 

  0x00000280ba1231d4: ;   {other}
  0x00000280ba1231d4: 0f1f 8400 | c402 0000 | 4883 c420 

  0x00000280ba1231e0: ;   {poll_return}
  0x00000280ba1231e0: 5d49 3ba7 | 5004 0000 | 0f87 2700 

  0x00000280ba1231ec: ;   {metadata({method} {0x00000280d0348700} 'accept' '(Ljava/lang/Object;)V' in 'java/util/stream/ForEachOps$ForEachOp$OfRef')}
  0x00000280ba1231ec: 0000 c349 | baf8 8634 | d080 0200 | 004c 8954 | 2408 48c7 | 0424 ffff 

  0x00000280ba123204: ;   {runtime_call counter_overflow Runtime1 stub}
  0x00000280ba123204: ffff e875 

  0x00000280ba123208: ; ImmutableOopMap {rdx=Oop r8=Oop }
                      ;*synchronization entry
                      ; - java.util.stream.ForEachOps$ForEachOp$OfRef::accept@-1
  0x00000280ba123208: ede8 06e9 | 12ff ffff 

  0x00000280ba123210: ;   {runtime_call throw_null_pointer_exception Runtime1 stub}
  0x00000280ba123210: e8eb b0df 

  0x00000280ba123214: ; ImmutableOopMap {r8=Oop rdx=Oop }
                      ;*invokeinterface accept {reexecute=0 rethrow=0 return_oop=0}
                      ; - java.util.stream.ForEachOps$ForEachOp$OfRef::accept@5
                      ;   {internal_word}
  0x00000280ba123214: 0649 bae1 | 3112 ba80 | 0200 004d | 8997 6804 

  0x00000280ba123224: ;   {runtime_call SafepointBlob}
  0x00000280ba123224: 0000 e955 | 22dd 0649 | 8b87 0005 | 0000 49c7 | 8700 0500 | 0000 0000 | 0049 c787 | 0805 0000 
  0x00000280ba123244: 0000 0000 | 4883 c420 

  0x00000280ba12324c: ;   {runtime_call unwind_exception Runtime1 stub}
  0x00000280ba12324c: 5de9 aebf | df06 f4f4 | f4f4 f4f4 
[Stub Code]
  0x00000280ba123258: ;   {no_reloc}
  0x00000280ba123258: 0f1f 4400 

  0x00000280ba12325c: ;   {static_stub}
  0x00000280ba12325c: 0048 bb00 | 0000 0000 

  0x00000280ba123264: ;   {runtime_call nmethod}
  0x00000280ba123264: 0000 00e9 | fbff ffff 
[Exception Handler]
  0x00000280ba12326c: ;   {runtime_call handle_exception_from_callee Runtime1 stub}
  0x00000280ba12326c: e88f 92df 

  0x00000280ba123270: ;   {external_word}
  0x00000280ba123270: 0648 b950 | 63c7 65fd | 7f00 0048 

  0x00000280ba12327c: ;   {runtime_call}
  0x00000280ba12327c: 83e4 f048 | b8c0 c989 | 65fd 7f00 | 00ff d0f4 
[Deopt Handler Code]
  0x00000280ba12328c: ;   {section_word}
  0x00000280ba12328c: 49ba 8c32 | 12ba 8002 | 0000 4152 

  0x00000280ba123298: ;   {runtime_call DeoptimizationBlob}
  0x00000280ba123298: e983 14dd | 06f4 f4f4 
[/MachCode]


Compiled method (c2) 526606 4427       4       java.util.stream.ReferencePipeline$2$1::accept (27 bytes)
 total in heap  [0x00000280c14db310,0x00000280c14db670] = 864
 relocation     [0x00000280c14db470,0x00000280c14db498] = 40
 main code      [0x00000280c14db4a0,0x00000280c14db590] = 240
 stub code      [0x00000280c14db590,0x00000280c14db5a8] = 24
 metadata       [0x00000280c14db5a8,0x00000280c14db5b0] = 8
 scopes data    [0x00000280c14db5b0,0x00000280c14db5d8] = 40
 scopes pcs     [0x00000280c14db5d8,0x00000280c14db628] = 80
 dependencies   [0x00000280c14db628,0x00000280c14db630] = 8
 handler table  [0x00000280c14db630,0x00000280c14db660] = 48
 nul chk table  [0x00000280c14db660,0x00000280c14db670] = 16

[Constant Pool (empty)]

[MachCode]
[Entry Point]
  # {method} {0x00000280d0355fe8} 'accept' '(Ljava/lang/Object;)V' in 'java/util/stream/ReferencePipeline$2$1'
  # this:     rdx:rdx   = 'java/util/stream/ReferencePipeline$2$1'
  # parm0:    r8:r8     = 'java/lang/Object'
  #           [sp+0x30]  (sp of caller)
  0x00000280c14db4a0: 448b 5208 | 49bb 0000 | 00d0 8002 | 0000 4d03 | d349 3bc2 

  0x00000280c14db4b4: ;   {runtime_call ic_miss_stub}
  0x00000280c14db4b4: 0f85 c632 | a1ff 6690 | 0f1f 4000 
[Verified Entry Point]
  0x00000280c14db4c0: 8984 2400 | 80ff ff55 | 4883 ec20 | 4181 7f20 | 1300 0000 | 0f85 a800 | 0000 4c89 | 0424 488b 
  0x00000280c14db4e0: ea44 8b5a | 1047 8b54 | dc34 498b | d248 c1e2 | 0348 b830 | 768b 1581 

  0x00000280c14db4f8: ;   {virtual_call}
  0x00000280c14db4f8: 0200 00e8 

  0x00000280c14db4fc: ; ImmutableOopMap {rbp=Oop [0]=Oop }
                      ;*invokeinterface test {reexecute=0 rethrow=0 return_oop=0}
                      ; - java.util.stream.ReferencePipeline$2$1::accept@8
  0x00000280c14db4fc: 10c4 adff 

  0x00000280c14db500: ;   {other}
  0x00000280c14db500: 0f1f 8400 | f001 0000 | 85c0 7428 | 448b 550c | 498b d248 | c1e2 034c | 8b04 2466 | 9048 b880 
  0x00000280c14db520: 748b 1581 

  0x00000280c14db524: ;   {virtual_call}
  0x00000280c14db524: 0200 00e8 

  0x00000280c14db528: ; ImmutableOopMap {}
                      ;*invokeinterface accept {reexecute=0 rethrow=0 return_oop=0}
                      ; - java.util.stream.ReferencePipeline$2$1::accept@21
  0x00000280c14db528: f4c4 adff 

  0x00000280c14db52c: ;   {other}
  0x00000280c14db52c: 0f1f 8400 | 1c02 0001 | 4883 c420 

  0x00000280c14db538: ;   {poll_return}
  0x00000280c14db538: 5d49 3ba7 | 5004 0000 | 0f87 2600 | 0000 c348 | 8bd0 eb03 | 488b d048 | 83c4 205d 

  0x00000280c14db554: ;   {runtime_call _rethrow_Java}
  0x00000280c14db554: e9a7 66a4 | ffba f6ff 

  0x00000280c14db55c: ;   {runtime_call UncommonTrapBlob}
  0x00000280c14db55c: ffff 90e8 

  0x00000280c14db560: ; ImmutableOopMap {}
                      ;*getfield val$predicate {reexecute=1 rethrow=0 return_oop=0}
                      ; - (reexecute) java.util.stream.ReferencePipeline$2$1::accept@4
  0x00000280c14db560: 1c8e a1ff 

  0x00000280c14db564: ;   {other}
  0x00000280c14db564: 0f1f 8400 | 5402 0002 

  0x00000280c14db56c: ;   {internal_word}
  0x00000280c14db56c: 49ba 39b5 | 4dc1 8002 | 0000 4d89 | 9768 0400 

  0x00000280c14db57c: ;   {runtime_call SafepointBlob}
  0x00000280c14db57c: 00e9 fe9e 

  0x00000280c14db580: ;   {runtime_call StubRoutines (final stubs)}
  0x00000280c14db580: a1ff e859 | af9f ffe9 | 4eff ffff | f4f4 f4f4 
[Exception Handler]
  0x00000280c14db590: ;   {no_reloc}
  0x00000280c14db590: e96b 09a4 | ffe8 0000 | 0000 4883 

  0x00000280c14db59c: ;   {runtime_call DeoptimizationBlob}
  0x00000280c14db59c: 2c24 05e9 | 7c91 a1ff | f4f4 f4f4 
[/MachCode]


---------------  P R O C E S S  ---------------

Threads class SMR info:
_java_thread_list=0x0000028119987980, length=47, elements={
0x00000280b45ddd60, 0x00000280cfde4760, 0x00000280cfde5480, 0x00000280cfde9060,
0x00000280cfde9ac0, 0x00000280cfdea520, 0x00000280cfdeaf80, 0x00000280cfdebd10,
0x00000280cfdef700, 0x00000281151edd90, 0x00000281151afdc0, 0x00000281150b8c40,
0x00000281165c9f80, 0x000002811680dd10, 0x000002811613e420, 0x000002811613ea90,
0x00000281167c0b10, 0x000002811619e680, 0x00000281161a0de0, 0x000002811619fa30,
0x00000281161a00c0, 0x00000281161a0750, 0x00000281161a1b00, 0x00000281168249d0,
0x000002811681f480, 0x000002811681fb10, 0x000002811681e0d0, 0x00000281168256f0,
0x0000028116821550, 0x000002811681e760, 0x00000281168201a0, 0x000002811681edf0,
0x0000028116820830, 0x0000028116824340, 0x0000028118f0cd60, 0x0000028118f0c6d0,
0x0000028118f0c040, 0x0000028118f0b320, 0x0000028118f0ac90, 0x0000028118f0d3f0,
0x0000028118f0b9b0, 0x0000028118f0f4c0, 0x0000028118f0ee30, 0x0000028118f09f70,
0x0000028118f11590, 0x000002811619ed10, 0x000002811a451fa0
}

Java Threads: ( => current thread )
  0x00000280b45ddd60 JavaThread "main"                              [_thread_blocked, id=11920, stack(0x000000925a800000,0x000000925a900000) (1024K)]
  0x00000280cfde4760 JavaThread "Reference Handler"          daemon [_thread_blocked, id=7672, stack(0x000000925b000000,0x000000925b100000) (1024K)]
  0x00000280cfde5480 JavaThread "Finalizer"                  daemon [_thread_blocked, id=12212, stack(0x000000925b100000,0x000000925b200000) (1024K)]
  0x00000280cfde9060 JavaThread "Signal Dispatcher"          daemon [_thread_blocked, id=5136, stack(0x000000925b200000,0x000000925b300000) (1024K)]
  0x00000280cfde9ac0 JavaThread "Attach Listener"            daemon [_thread_blocked, id=11908, stack(0x000000925b300000,0x000000925b400000) (1024K)]
  0x00000280cfdea520 JavaThread "Service Thread"             daemon [_thread_blocked, id=10176, stack(0x000000925b400000,0x000000925b500000) (1024K)]
  0x00000280cfdeaf80 JavaThread "Monitor Deflation Thread"   daemon [_thread_blocked, id=12492, stack(0x000000925b500000,0x000000925b600000) (1024K)]
  0x00000280cfdebd10 JavaThread "C2 CompilerThread0"         daemon [_thread_blocked, id=7708, stack(0x000000925b600000,0x000000925b700000) (1024K)]
  0x00000280cfdef700 JavaThread "C1 CompilerThread0"         daemon [_thread_blocked, id=4980, stack(0x000000925b700000,0x000000925b800000) (1024K)]
  0x00000281151edd90 JavaThread "Common-Cleaner"             daemon [_thread_blocked, id=1440, stack(0x000000925b800000,0x000000925b900000) (1024K)]
  0x00000281151afdc0 JavaThread "Notification Thread"        daemon [_thread_blocked, id=3508, stack(0x000000925b900000,0x000000925ba00000) (1024K)]
  0x00000281150b8c40 JavaThread "Daemon health stats"               [_thread_blocked, id=12292, stack(0x000000925bd00000,0x000000925be00000) (1024K)]
  0x00000281165c9f80 JavaThread "Incoming local TCP Connector on port 57155"        [_thread_in_native, id=10508, stack(0x000000925be00000,0x000000925bf00000) (1024K)]
  0x000002811680dd10 JavaThread "Daemon periodic checks"            [_thread_blocked, id=404, stack(0x000000925bf00000,0x000000925c000000) (1024K)]
  0x000002811613e420 JavaThread "Daemon"                            [_thread_blocked, id=8900, stack(0x000000925c000000,0x000000925c100000) (1024K)]
  0x000002811613ea90 JavaThread "Handler for socket connection from /127.0.0.1:57155 to /127.0.0.1:57157"        [_thread_in_native, id=11092, stack(0x000000925c100000,0x000000925c200000) (1024K)]
  0x00000281167c0b10 JavaThread "Cancel handler"                    [_thread_blocked, id=12108, stack(0x000000925c200000,0x000000925c300000) (1024K)]
  0x000002811619e680 JavaThread "Daemon worker"                     [_thread_blocked, id=11624, stack(0x000000925c300000,0x000000925c400000) (1024K)]
  0x00000281161a0de0 JavaThread "Asynchronous log dispatcher for DefaultDaemonConnection: socket connection from /127.0.0.1:57155 to /127.0.0.1:57157"        [_thread_blocked, id=3836, stack(0x000000925c400000,0x000000925c500000) (1024K)]
  0x000002811619fa30 JavaThread "Daemon client event forwarder"        [_thread_blocked, id=8768, stack(0x000000925c600000,0x000000925c700000) (1024K)]
  0x00000281161a00c0 JavaThread "Cache worker for journal cache (C:\Users\System Bilgisayar\.gradle\caches\journal-1)"        [_thread_blocked, id=4688, stack(0x000000925c700000,0x000000925c800000) (1024K)]
  0x00000281161a0750 JavaThread "File lock request listener"        [_thread_blocked, id=8536, stack(0x000000925c800000,0x000000925c900000) (1024K)]
  0x00000281161a1b00 JavaThread "Cache worker for file hash cache (C:\Users\System Bilgisayar\.gradle\caches\8.7\fileHashes)"        [_thread_blocked, id=13192, stack(0x000000925c900000,0x000000925ca00000) (1024K)]
  0x00000281168249d0 JavaThread "Cache worker for file hash cache (C:\dev\hesap\hesap\android\.gradle\8.7\fileHashes)"        [_thread_blocked, id=9148, stack(0x000000925cb00000,0x000000925cc00000) (1024K)]
  0x000002811681f480 JavaThread "File watcher server"        daemon [_thread_in_native, id=2012, stack(0x000000925cc00000,0x000000925cd00000) (1024K)]
  0x000002811681fb10 JavaThread "File watcher consumer"      daemon [_thread_blocked, id=6996, stack(0x000000925cd00000,0x000000925ce00000) (1024K)]
  0x000002811681e0d0 JavaThread "Cache worker for checksums cache (C:\dev\hesap\hesap\android\.gradle\8.7\checksums)"        [_thread_blocked, id=8604, stack(0x000000925ce00000,0x000000925cf00000) (1024K)]
  0x00000281168256f0 JavaThread "Cache worker for cache directory md-supplier (C:\Users\System Bilgisayar\.gradle\caches\8.7\md-supplier)"        [_thread_blocked, id=9048, stack(0x000000925cf00000,0x000000925d000000) (1024K)]
  0x0000028116821550 JavaThread "Cache worker for cache directory md-rule (C:\Users\System Bilgisayar\.gradle\caches\8.7\md-rule)"        [_thread_blocked, id=1904, stack(0x000000925d000000,0x000000925d100000) (1024K)]
  0x000002811681e760 JavaThread "Cache worker for file content cache (C:\Users\System Bilgisayar\.gradle\caches\8.7\fileContent)"        [_thread_blocked, id=10804, stack(0x000000925d100000,0x000000925d200000) (1024K)]
  0x00000281168201a0 JavaThread "jar transforms"                    [_thread_blocked, id=13116, stack(0x000000925d200000,0x000000925d300000) (1024K)]
  0x000002811681edf0 JavaThread "jar transforms Thread 2"           [_thread_blocked, id=12096, stack(0x000000925d300000,0x000000925d400000) (1024K)]
  0x0000028116820830 JavaThread "jar transforms Thread 3"           [_thread_blocked, id=10740, stack(0x000000925a600000,0x000000925a700000) (1024K)]
  0x0000028116824340 JavaThread "Cache worker for Build Output Cleanup Cache (C:\flutter\packages\flutter_tools\gradle\.gradle\buildOutputCleanup)"        [_thread_blocked, id=9600, stack(0x000000925a700000,0x000000925a800000) (1024K)]
  0x0000028118f0cd60 JavaThread "Unconstrained build operations"        [_thread_blocked, id=6540, stack(0x000000925c500000,0x000000925c600000) (1024K)]
  0x0000028118f0c6d0 JavaThread "Unconstrained build operations Thread 2"        [_thread_blocked, id=12732, stack(0x000000925d400000,0x000000925d500000) (1024K)]
  0x0000028118f0c040 JavaThread "Unconstrained build operations Thread 3"        [_thread_blocked, id=3380, stack(0x000000925d500000,0x000000925d600000) (1024K)]
  0x0000028118f0b320 JavaThread "Unconstrained build operations Thread 4"        [_thread_blocked, id=9864, stack(0x000000925d600000,0x000000925d700000) (1024K)]
  0x0000028118f0ac90 JavaThread "Unconstrained build operations Thread 5"        [_thread_blocked, id=6928, stack(0x000000925d700000,0x000000925d800000) (1024K)]
  0x0000028118f0d3f0 JavaThread "Unconstrained build operations Thread 6"        [_thread_blocked, id=6932, stack(0x000000925d800000,0x000000925d900000) (1024K)]
  0x0000028118f0b9b0 JavaThread "Memory manager"                    [_thread_blocked, id=5736, stack(0x000000925d900000,0x000000925da00000) (1024K)]
  0x0000028118f0f4c0 JavaThread "build event listener"              [_thread_blocked, id=11516, stack(0x000000925da00000,0x000000925db00000) (1024K)]
=>0x0000028118f0ee30 JavaThread "included builds"                   [_thread_in_vm, id=7616, stack(0x000000925ca00000,0x000000925cb00000) (1024K)]
  0x0000028118f09f70 JavaThread "Execution worker"                  [_thread_blocked, id=12364, stack(0x000000925db00000,0x000000925dc00000) (1024K)]
  0x0000028118f11590 JavaThread "Execution worker Thread 2"         [_thread_blocked, id=4204, stack(0x000000925dc00000,0x000000925dd00000) (1024K)]
  0x000002811619ed10 JavaThread "Execution worker Thread 3"         [_thread_blocked, id=9876, stack(0x000000925dd00000,0x000000925de00000) (1024K)]
  0x000002811a451fa0 JavaThread "Cache worker for execution history cache (C:\flutter\packages\flutter_tools\gradle\.gradle\8.7\executionHistory)"        [_thread_blocked, id=13692, stack(0x000000925de00000,0x000000925df00000) (1024K)]
Total: 47

Other Threads:
  0x00000280cfdce330 VMThread "VM Thread"                           [id=11172, stack(0x000000925af00000,0x000000925b000000) (1024K)] _threads_hazard_ptr=0x0000028119987980
  0x00000280cfdbc510 WatcherThread "VM Periodic Task Thread"        [id=9792, stack(0x000000925ae00000,0x000000925af00000) (1024K)]
  0x00000280b67df960 WorkerThread "GC Thread#0"                     [id=12064, stack(0x000000925a900000,0x000000925aa00000) (1024K)]
  0x000002811523d290 WorkerThread "GC Thread#1"                     [id=8972, stack(0x000000925ba00000,0x000000925bb00000) (1024K)]
  0x000002811524cca0 WorkerThread "GC Thread#2"                     [id=12876, stack(0x000000925bb00000,0x000000925bc00000) (1024K)]
  0x0000028115055640 WorkerThread "GC Thread#3"                     [id=11252, stack(0x000000925bc00000,0x000000925bd00000) (1024K)]
  0x00000280b469dfe0 ConcurrentGCThread "G1 Main Marker"            [id=10928, stack(0x000000925aa00000,0x000000925ab00000) (1024K)]
  0x00000280b469e9f0 WorkerThread "G1 Conc#0"                       [id=8292, stack(0x000000925ab00000,0x000000925ac00000) (1024K)]
  0x00000280b681c080 ConcurrentGCThread "G1 Refine#0"               [id=8360, stack(0x000000925ac00000,0x000000925ad00000) (1024K)]
  0x00000280b681cb00 ConcurrentGCThread "G1 Service"                [id=11344, stack(0x000000925ad00000,0x000000925ae00000) (1024K)]
Total: 10

Threads with active compile tasks:
Total: 0

VM state: synchronizing (normal execution)

VM Mutex/Monitor currently owned by a thread:  ([mutex/lock_event])
[0x00007ffd65f2d530] Metaspace_lock - owner thread: 0x0000028118f0ee30
[0x00007ffd65f2f5b0] Threads_lock - owner thread: 0x00000280cfdce330

Heap address: 0x0000000700000000, size: 4096 MB, Compressed Oops mode: Zero based, Oop shift amount: 3

CDS archive(s) mapped at: [0x00000280d0000000-0x00000280d0ba0000-0x00000280d0ba0000), size 12189696, SharedBaseAddress: 0x00000280d0000000, ArchiveRelocationMode: 1.
Compressed class space mapped at: 0x00000280d1000000-0x0000028111000000, reserved size: 1073741824
Narrow klass base: 0x00000280d0000000, Narrow klass shift: 0, Narrow klass range: 0x100000000

GC Precious Log:
 CardTable entry size: 512
 Card Set container configuration: InlinePtr #cards 4 size 8 Array Of Cards #cards 16 size 48 Howl #buckets 8 coarsen threshold 3686 Howl Bitmap #cards 512 size 80 coarsen threshold 460 Card regions per heap region 1 cards per card region 4096
 CPUs: 4 total, 4 available
 Memory: 3345M
 Large Page Support: Disabled
 NUMA Support: Disabled
 Compressed Oops: Enabled (Zero based)
 Heap Region Size: 2M
 Heap Min Capacity: 8M
 Heap Initial Capacity: 54M
 Heap Max Capacity: 4G
 Pre-touch: Disabled
 Parallel Workers: 4
 Concurrent Workers: 1
 Concurrent Refinement Workers: 4
 Periodic GC: Disabled

Heap:
 garbage-first heap   total 225280K, used 119583K [0x0000000700000000, 0x0000000800000000)
  region size 2048K, 29 young (59392K), 1 survivors (2048K)
 Metaspace       used 69477K, committed 71360K, reserved 1114112K
  class space    used 10183K, committed 11136K, reserved 1048576K

Heap Regions: E=young(eden), S=young(survivor), O=old, HS=humongous(starts), HC=humongous(continues), CS=collection set, F=free, TAMS=top-at-mark-start, PB=parsable bottom
|   0|0x0000000700000000, 0x0000000700200000, 0x0000000700200000|100%|HS|  |TAMS 0x0000000700000000| PB 0x0000000700000000| Complete 
|   1|0x0000000700200000, 0x0000000700400000, 0x0000000700400000|100%|HC|  |TAMS 0x0000000700200000| PB 0x0000000700200000| Complete 
|   2|0x0000000700400000, 0x0000000700600000, 0x0000000700600000|100%| O|  |TAMS 0x0000000700400000| PB 0x0000000700400000| Untracked 
|   3|0x0000000700600000, 0x0000000700800000, 0x0000000700800000|100%| O|  |TAMS 0x0000000700600000| PB 0x0000000700600000| Untracked 
|   4|0x0000000700800000, 0x0000000700a00000, 0x0000000700a00000|100%| O|  |TAMS 0x0000000700800000| PB 0x0000000700800000| Untracked 
|   5|0x0000000700a00000, 0x0000000700c00000, 0x0000000700c00000|100%| O|  |TAMS 0x0000000700a00000| PB 0x0000000700a00000| Untracked 
|   6|0x0000000700c00000, 0x0000000700e00000, 0x0000000700e00000|100%| O|  |TAMS 0x0000000700c00000| PB 0x0000000700c00000| Untracked 
|   7|0x0000000700e00000, 0x0000000701000000, 0x0000000701000000|100%| O|  |TAMS 0x0000000700e00000| PB 0x0000000700e00000| Untracked 
|   8|0x0000000701000000, 0x0000000701200000, 0x0000000701200000|100%| O|  |TAMS 0x0000000701000000| PB 0x0000000701000000| Untracked 
|   9|0x0000000701200000, 0x0000000701400000, 0x0000000701400000|100%| O|  |TAMS 0x0000000701200000| PB 0x0000000701200000| Untracked 
|  10|0x0000000701400000, 0x0000000701600000, 0x0000000701600000|100%| O|  |TAMS 0x0000000701400000| PB 0x0000000701400000| Untracked 
|  11|0x0000000701600000, 0x0000000701800000, 0x0000000701800000|100%| O|  |TAMS 0x0000000701600000| PB 0x0000000701600000| Untracked 
|  12|0x0000000701800000, 0x0000000701a00000, 0x0000000701a00000|100%| O|  |TAMS 0x0000000701800000| PB 0x0000000701800000| Untracked 
|  13|0x0000000701a00000, 0x0000000701c00000, 0x0000000701c00000|100%| O|  |TAMS 0x0000000701a00000| PB 0x0000000701a00000| Untracked 
|  14|0x0000000701c00000, 0x0000000701e00000, 0x0000000701e00000|100%| O|  |TAMS 0x0000000701c00000| PB 0x0000000701c00000| Untracked 
|  15|0x0000000701e00000, 0x0000000702000000, 0x0000000702000000|100%| O|  |TAMS 0x0000000701e00000| PB 0x0000000701e00000| Untracked 
|  16|0x0000000702000000, 0x0000000702200000, 0x0000000702200000|100%| O|  |TAMS 0x0000000702000000| PB 0x0000000702000000| Untracked 
|  17|0x0000000702200000, 0x0000000702400000, 0x0000000702400000|100%| O|  |TAMS 0x0000000702200000| PB 0x0000000702200000| Untracked 
|  18|0x0000000702400000, 0x0000000702600000, 0x0000000702600000|100%| O|  |TAMS 0x0000000702400000| PB 0x0000000702400000| Untracked 
|  19|0x0000000702600000, 0x0000000702800000, 0x0000000702800000|100%|HS|  |TAMS 0x0000000702600000| PB 0x0000000702600000| Complete 
|  20|0x0000000702800000, 0x0000000702a00000, 0x0000000702a00000|100%| O|Cm|TAMS 0x0000000702800000| PB 0x0000000702800000| Complete 
|  21|0x0000000702a00000, 0x0000000702c00000, 0x0000000702c00000|100%|HS|  |TAMS 0x0000000702a00000| PB 0x0000000702a00000| Complete 
|  22|0x0000000702c00000, 0x0000000702e00000, 0x0000000702e00000|100%|HS|  |TAMS 0x0000000702c00000| PB 0x0000000702c00000| Complete 
|  23|0x0000000702e00000, 0x0000000703000000, 0x0000000703000000|100%|HC|  |TAMS 0x0000000702e00000| PB 0x0000000702e00000| Complete 
|  24|0x0000000703000000, 0x0000000703200000, 0x0000000703200000|100%|HS|  |TAMS 0x0000000703000000| PB 0x0000000703000000| Complete 
|  25|0x0000000703200000, 0x0000000703400000, 0x0000000703400000|100%|HC|  |TAMS 0x0000000703200000| PB 0x0000000703200000| Complete 
|  26|0x0000000703400000, 0x0000000703600000, 0x0000000703600000|100%| O|  |TAMS 0x0000000703400000| PB 0x0000000703400000| Untracked 
|  27|0x0000000703600000, 0x0000000703800000, 0x0000000703800000|100%| O|  |TAMS 0x0000000703600000| PB 0x0000000703600000| Untracked 
|  28|0x0000000703800000, 0x0000000703a00000, 0x0000000703a00000|100%| O|  |TAMS 0x0000000703800000| PB 0x0000000703800000| Untracked 
|  29|0x0000000703a00000, 0x0000000703b45040, 0x0000000703c00000| 63%| O|  |TAMS 0x0000000703a00000| PB 0x0000000703a00000| Untracked 
|  30|0x0000000703c00000, 0x0000000703c00000, 0x0000000703e00000|  0%| F|  |TAMS 0x0000000703c00000| PB 0x0000000703c00000| Untracked 
|  31|0x0000000703e00000, 0x0000000703e00000, 0x0000000704000000|  0%| F|  |TAMS 0x0000000703e00000| PB 0x0000000703e00000| Untracked 
|  32|0x0000000704000000, 0x0000000704000000, 0x0000000704200000|  0%| F|  |TAMS 0x0000000704000000| PB 0x0000000704000000| Untracked 
|  33|0x0000000704200000, 0x0000000704200000, 0x0000000704400000|  0%| F|  |TAMS 0x0000000704200000| PB 0x0000000704200000| Untracked 
|  34|0x0000000704400000, 0x0000000704400000, 0x0000000704600000|  0%| F|  |TAMS 0x0000000704400000| PB 0x0000000704400000| Untracked 
|  35|0x0000000704600000, 0x0000000704600000, 0x0000000704800000|  0%| F|  |TAMS 0x0000000704600000| PB 0x0000000704600000| Untracked 
|  36|0x0000000704800000, 0x0000000704800000, 0x0000000704a00000|  0%| F|  |TAMS 0x0000000704800000| PB 0x0000000704800000| Untracked 
|  37|0x0000000704a00000, 0x0000000704a00000, 0x0000000704c00000|  0%| F|  |TAMS 0x0000000704a00000| PB 0x0000000704a00000| Untracked 
|  38|0x0000000704c00000, 0x0000000704c00000, 0x0000000704e00000|  0%| F|  |TAMS 0x0000000704c00000| PB 0x0000000704c00000| Untracked 
|  39|0x0000000704e00000, 0x0000000704e00000, 0x0000000705000000|  0%| F|  |TAMS 0x0000000704e00000| PB 0x0000000704e00000| Untracked 
|  40|0x0000000705000000, 0x0000000705182e30, 0x0000000705200000| 75%| S|CS|TAMS 0x0000000705000000| PB 0x0000000705000000| Complete 
|  41|0x0000000705200000, 0x0000000705200000, 0x0000000705400000|  0%| F|  |TAMS 0x0000000705200000| PB 0x0000000705200000| Untracked 
|  42|0x0000000705400000, 0x0000000705400000, 0x0000000705600000|  0%| F|  |TAMS 0x0000000705400000| PB 0x0000000705400000| Untracked 
|  43|0x0000000705600000, 0x0000000705600000, 0x0000000705800000|  0%| F|  |TAMS 0x0000000705600000| PB 0x0000000705600000| Untracked 
|  44|0x0000000705800000, 0x0000000705800000, 0x0000000705a00000|  0%| F|  |TAMS 0x0000000705800000| PB 0x0000000705800000| Untracked 
|  45|0x0000000705a00000, 0x0000000705a00000, 0x0000000705c00000|  0%| F|  |TAMS 0x0000000705a00000| PB 0x0000000705a00000| Untracked 
|  46|0x0000000705c00000, 0x0000000705c00000, 0x0000000705e00000|  0%| F|  |TAMS 0x0000000705c00000| PB 0x0000000705c00000| Untracked 
|  47|0x0000000705e00000, 0x0000000705e00000, 0x0000000706000000|  0%| F|  |TAMS 0x0000000705e00000| PB 0x0000000705e00000| Untracked 
|  48|0x0000000706000000, 0x0000000706000000, 0x0000000706200000|  0%| F|  |TAMS 0x0000000706000000| PB 0x0000000706000000| Untracked 
|  49|0x0000000706200000, 0x0000000706200000, 0x0000000706400000|  0%| F|  |TAMS 0x0000000706200000| PB 0x0000000706200000| Untracked 
|  50|0x0000000706400000, 0x0000000706400000, 0x0000000706600000|  0%| F|  |TAMS 0x0000000706400000| PB 0x0000000706400000| Untracked 
|  51|0x0000000706600000, 0x0000000706600000, 0x0000000706800000|  0%| F|  |TAMS 0x0000000706600000| PB 0x0000000706600000| Untracked 
|  52|0x0000000706800000, 0x0000000706800000, 0x0000000706a00000|  0%| F|  |TAMS 0x0000000706800000| PB 0x0000000706800000| Untracked 
|  53|0x0000000706a00000, 0x0000000706a00000, 0x0000000706c00000|  0%| F|  |TAMS 0x0000000706a00000| PB 0x0000000706a00000| Untracked 
|  54|0x0000000706c00000, 0x0000000706c00000, 0x0000000706e00000|  0%| F|  |TAMS 0x0000000706c00000| PB 0x0000000706c00000| Untracked 
|  55|0x0000000706e00000, 0x0000000706e00000, 0x0000000707000000|  0%| F|  |TAMS 0x0000000706e00000| PB 0x0000000706e00000| Untracked 
|  56|0x0000000707000000, 0x0000000707000000, 0x0000000707200000|  0%| F|  |TAMS 0x0000000707000000| PB 0x0000000707000000| Untracked 
|  57|0x0000000707200000, 0x0000000707200000, 0x0000000707400000|  0%| F|  |TAMS 0x0000000707200000| PB 0x0000000707200000| Untracked 
|  58|0x0000000707400000, 0x0000000707400000, 0x0000000707600000|  0%| F|  |TAMS 0x0000000707400000| PB 0x0000000707400000| Untracked 
|  59|0x0000000707600000, 0x0000000707600000, 0x0000000707800000|  0%| F|  |TAMS 0x0000000707600000| PB 0x0000000707600000| Untracked 
|  60|0x0000000707800000, 0x0000000707800000, 0x0000000707a00000|  0%| F|  |TAMS 0x0000000707800000| PB 0x0000000707800000| Untracked 
|  61|0x0000000707a00000, 0x0000000707a00000, 0x0000000707c00000|  0%| F|  |TAMS 0x0000000707a00000| PB 0x0000000707a00000| Untracked 
|  62|0x0000000707c00000, 0x0000000707c00000, 0x0000000707e00000|  0%| F|  |TAMS 0x0000000707c00000| PB 0x0000000707c00000| Untracked 
|  63|0x0000000707e00000, 0x0000000707e00000, 0x0000000708000000|  0%| F|  |TAMS 0x0000000707e00000| PB 0x0000000707e00000| Untracked 
|  64|0x0000000708000000, 0x0000000708000000, 0x0000000708200000|  0%| F|  |TAMS 0x0000000708000000| PB 0x0000000708000000| Untracked 
|  65|0x0000000708200000, 0x0000000708200000, 0x0000000708400000|  0%| F|  |TAMS 0x0000000708200000| PB 0x0000000708200000| Untracked 
|  66|0x0000000708400000, 0x0000000708400000, 0x0000000708600000|  0%| F|  |TAMS 0x0000000708400000| PB 0x0000000708400000| Untracked 
|  67|0x0000000708600000, 0x0000000708600000, 0x0000000708800000|  0%| F|  |TAMS 0x0000000708600000| PB 0x0000000708600000| Untracked 
|  68|0x0000000708800000, 0x0000000708800000, 0x0000000708a00000|  0%| F|  |TAMS 0x0000000708800000| PB 0x0000000708800000| Untracked 
|  69|0x0000000708a00000, 0x0000000708a00000, 0x0000000708c00000|  0%| F|  |TAMS 0x0000000708a00000| PB 0x0000000708a00000| Untracked 
|  70|0x0000000708c00000, 0x0000000708c00000, 0x0000000708e00000|  0%| F|  |TAMS 0x0000000708c00000| PB 0x0000000708c00000| Untracked 
|  71|0x0000000708e00000, 0x0000000708e00000, 0x0000000709000000|  0%| F|  |TAMS 0x0000000708e00000| PB 0x0000000708e00000| Untracked 
|  72|0x0000000709000000, 0x0000000709000000, 0x0000000709200000|  0%| F|  |TAMS 0x0000000709000000| PB 0x0000000709000000| Untracked 
|  73|0x0000000709200000, 0x0000000709200000, 0x0000000709400000|  0%| F|  |TAMS 0x0000000709200000| PB 0x0000000709200000| Untracked 
|  74|0x0000000709400000, 0x0000000709400000, 0x0000000709600000|  0%| F|  |TAMS 0x0000000709400000| PB 0x0000000709400000| Untracked 
|  75|0x0000000709600000, 0x0000000709600000, 0x0000000709800000|  0%| F|  |TAMS 0x0000000709600000| PB 0x0000000709600000| Untracked 
|  76|0x0000000709800000, 0x0000000709800000, 0x0000000709a00000|  0%| F|  |TAMS 0x0000000709800000| PB 0x0000000709800000| Untracked 
|  77|0x0000000709a00000, 0x0000000709a00000, 0x0000000709c00000|  0%| F|  |TAMS 0x0000000709a00000| PB 0x0000000709a00000| Untracked 
|  78|0x0000000709c00000, 0x0000000709c00000, 0x0000000709e00000|  0%| F|  |TAMS 0x0000000709c00000| PB 0x0000000709c00000| Untracked 
|  79|0x0000000709e00000, 0x0000000709e00000, 0x000000070a000000|  0%| F|  |TAMS 0x0000000709e00000| PB 0x0000000709e00000| Untracked 
|  80|0x000000070a000000, 0x000000070a000000, 0x000000070a200000|  0%| F|  |TAMS 0x000000070a000000| PB 0x000000070a000000| Untracked 
|  81|0x000000070a200000, 0x000000070a3a1cd8, 0x000000070a400000| 81%| E|  |TAMS 0x000000070a200000| PB 0x000000070a200000| Complete 
|  82|0x000000070a400000, 0x000000070a600000, 0x000000070a600000|100%| E|CS|TAMS 0x000000070a400000| PB 0x000000070a400000| Complete 
|  83|0x000000070a600000, 0x000000070a800000, 0x000000070a800000|100%| E|CS|TAMS 0x000000070a600000| PB 0x000000070a600000| Complete 
|  84|0x000000070a800000, 0x000000070aa00000, 0x000000070aa00000|100%| E|CS|TAMS 0x000000070a800000| PB 0x000000070a800000| Complete 
|  85|0x000000070aa00000, 0x000000070ac00000, 0x000000070ac00000|100%| E|CS|TAMS 0x000000070aa00000| PB 0x000000070aa00000| Complete 
|  86|0x000000070ac00000, 0x000000070ae00000, 0x000000070ae00000|100%| E|CS|TAMS 0x000000070ac00000| PB 0x000000070ac00000| Complete 
|  87|0x000000070ae00000, 0x000000070b000000, 0x000000070b000000|100%| E|CS|TAMS 0x000000070ae00000| PB 0x000000070ae00000| Complete 
|  88|0x000000070b000000, 0x000000070b200000, 0x000000070b200000|100%| E|CS|TAMS 0x000000070b000000| PB 0x000000070b000000| Complete 
|  89|0x000000070b200000, 0x000000070b400000, 0x000000070b400000|100%| E|CS|TAMS 0x000000070b200000| PB 0x000000070b200000| Complete 
|  90|0x000000070b400000, 0x000000070b600000, 0x000000070b600000|100%| E|CS|TAMS 0x000000070b400000| PB 0x000000070b400000| Complete 
|  91|0x000000070b600000, 0x000000070b800000, 0x000000070b800000|100%| E|CS|TAMS 0x000000070b600000| PB 0x000000070b600000| Complete 
|  92|0x000000070b800000, 0x000000070ba00000, 0x000000070ba00000|100%| E|CS|TAMS 0x000000070b800000| PB 0x000000070b800000| Complete 
|  93|0x000000070ba00000, 0x000000070bc00000, 0x000000070bc00000|100%| E|CS|TAMS 0x000000070ba00000| PB 0x000000070ba00000| Complete 
|  94|0x000000070bc00000, 0x000000070be00000, 0x000000070be00000|100%| E|CS|TAMS 0x000000070bc00000| PB 0x000000070bc00000| Complete 
|  95|0x000000070be00000, 0x000000070c000000, 0x000000070c000000|100%| E|CS|TAMS 0x000000070be00000| PB 0x000000070be00000| Complete 
|  96|0x000000070c000000, 0x000000070c200000, 0x000000070c200000|100%| E|CS|TAMS 0x000000070c000000| PB 0x000000070c000000| Complete 
|  97|0x000000070c200000, 0x000000070c400000, 0x000000070c400000|100%| E|CS|TAMS 0x000000070c200000| PB 0x000000070c200000| Complete 
|  98|0x000000070c400000, 0x000000070c600000, 0x000000070c600000|100%| E|CS|TAMS 0x000000070c400000| PB 0x000000070c400000| Complete 
|  99|0x000000070c600000, 0x000000070c800000, 0x000000070c800000|100%| E|CS|TAMS 0x000000070c600000| PB 0x000000070c600000| Complete 
| 100|0x000000070c800000, 0x000000070ca00000, 0x000000070ca00000|100%| E|CS|TAMS 0x000000070c800000| PB 0x000000070c800000| Complete 
| 101|0x000000070ca00000, 0x000000070cc00000, 0x000000070cc00000|100%| E|CS|TAMS 0x000000070ca00000| PB 0x000000070ca00000| Complete 
| 102|0x000000070cc00000, 0x000000070ce00000, 0x000000070ce00000|100%| E|CS|TAMS 0x000000070cc00000| PB 0x000000070cc00000| Complete 
| 103|0x000000070ce00000, 0x000000070d000000, 0x000000070d000000|100%| E|CS|TAMS 0x000000070ce00000| PB 0x000000070ce00000| Complete 
| 104|0x000000070d000000, 0x000000070d200000, 0x000000070d200000|100%| E|CS|TAMS 0x000000070d000000| PB 0x000000070d000000| Complete 
| 105|0x000000070d200000, 0x000000070d400000, 0x000000070d400000|100%| E|CS|TAMS 0x000000070d200000| PB 0x000000070d200000| Complete 
| 106|0x000000070d400000, 0x000000070d600000, 0x000000070d600000|100%| E|CS|TAMS 0x000000070d400000| PB 0x000000070d400000| Complete 
| 107|0x000000070d600000, 0x000000070d800000, 0x000000070d800000|100%| E|CS|TAMS 0x000000070d600000| PB 0x000000070d600000| Complete 
| 108|0x000000070d800000, 0x000000070da00000, 0x000000070da00000|100%| E|CS|TAMS 0x000000070d800000| PB 0x000000070d800000| Complete 
|2047|0x00000007ffe00000, 0x0000000800000000, 0x0000000800000000|100%| O|  |TAMS 0x00000007ffe00000| PB 0x00000007ffe00000| Untracked 

Card table byte_map: [0x00000280c9170000,0x00000280c9970000] _byte_map_base: 0x00000280c5970000

Marking Bits: (CMBitMap*) 0x00000280b67dff70
 Bits: [0x00000280c9970000, 0x00000280cd970000)

Polling page: 0x00000280b4510000

Metaspace:

Usage:
  Non-class:     57.90 MB used.
      Class:      9.94 MB used.
       Both:     67.85 MB used.

Virtual space:
  Non-class space:       64.00 MB reserved,      58.81 MB ( 92%) committed,  1 nodes.
      Class space:        1.00 GB reserved,      10.88 MB (  1%) committed,  1 nodes.
             Both:        1.06 GB reserved,      69.69 MB (  6%) committed. 

Chunk freelists:
   Non-Class:  4.73 MB
       Class:  4.97 MB
        Both:  9.71 MB

MaxMetaspaceSize: 2.00 GB
CompressedClassSpaceSize: 1.00 GB
Initial GC threshold: 21.00 MB
Current GC threshold: 108.06 MB
CDS: on
 - commit_granule_bytes: 65536.
 - commit_granule_words: 8192.
 - virtual_space_node_default_size: 8388608.
 - enlarge_chunks_in_place: 1.
 - use_allocation_guard: 0.


Internal statistics:

num_allocs_failed_limit: 6.
num_arena_births: 3522.
num_arena_deaths: 0.
num_vsnodes_births: 2.
num_vsnodes_deaths: 0.
num_space_committed: 1115.
num_space_uncommitted: 0.
num_chunks_returned_to_freelist: 6.
num_chunks_taken_from_freelist: 6866.
num_chunk_merges: 3.
num_chunk_splits: 4420.
num_chunks_enlarged: 2673.
num_inconsistent_stats: 0.

CodeHeap 'non-profiled nmethods': size=120000Kb used=4479Kb max_used=4479Kb free=115520Kb
 bounds [0x00000280c1440000, 0x00000280c18a0000, 0x00000280c8970000]
CodeHeap 'profiled nmethods': size=120000Kb used=13930Kb max_used=13930Kb free=106069Kb
 bounds [0x00000280b9970000, 0x00000280ba710000, 0x00000280c0ea0000]
CodeHeap 'non-nmethods': size=5760Kb used=2650Kb max_used=2718Kb free=3109Kb
 bounds [0x00000280c0ea0000, 0x00000280c1160000, 0x00000280c1440000]
CodeCache: size=245760Kb, used=21059Kb, max_used=21127Kb, free=224698Kb
 total_blobs=8305, nmethods=7387, adapters=821, full_count=0
Compilation: enabled, stopped_count=0, restarted_count=0

Compilation events (20 events):
Event: 525.188 Thread 0x00000280cfdef700 8735       3       org.gradle.api.internal.file.pattern.PatternMatcherFactory$DefaultPatternMatcher::test (35 bytes)
Event: 525.188 Thread 0x00000280cfdef700 nmethod 8735 0x00000280ba706910 code [0x00000280ba706ae0, 0x00000280ba706e28]
Event: 525.188 Thread 0x00000280cfdef700 8736       3       org.gradle.api.internal.file.pattern.GreedyPathMatcher::matches (61 bytes)
Event: 525.189 Thread 0x00000280cfdef700 nmethod 8736 0x00000280ba706f10 code [0x00000280ba707100, 0x00000280ba707680]
Event: 525.189 Thread 0x00000280cfdef700 8737       3       org.gradle.api.internal.file.pattern.FixedStepPathMatcher::matches (54 bytes)
Event: 525.189 Thread 0x00000280cfdef700 nmethod 8737 0x00000280ba707890 code [0x00000280ba707a60, 0x00000280ba707e50]
Event: 525.209 Thread 0x00000280cfdef700 8738       3       org.gradle.api.internal.file.pattern.FixedPatternStep::matches (27 bytes)
Event: 525.209 Thread 0x00000280cfdef700 nmethod 8738 0x00000280ba707f90 code [0x00000280ba708160, 0x00000280ba708348]
Event: 525.246 Thread 0x00000280cfdef700 8739       3       com.google.common.collect.Iterables::toArray (10 bytes)
Event: 525.263 Thread 0x00000280cfdef700 nmethod 8739 0x00000280ba708490 code [0x00000280ba708700, 0x00000280ba7091e8]
Event: 525.263 Thread 0x00000280cfdef700 8740       3       com.google.common.collect.ObjectArrays::newArray (9 bytes)
Event: 525.263 Thread 0x00000280cfdef700 nmethod 8740 0x00000280ba709510 code [0x00000280ba7096c0, 0x00000280ba709920]
Event: 525.263 Thread 0x00000280cfdef700 8741       3       java.util.ArrayDeque::toArray (95 bytes)
Event: 525.267 Thread 0x00000280cfdef700 nmethod 8741 0x00000280ba709a10 code [0x00000280ba709c20, 0x00000280ba70a448]
Event: 525.268 Thread 0x00000280cfdef700 8742       3       com.google.common.cache.CacheBuilder$1::recordLoadSuccess (1 bytes)
Event: 525.268 Thread 0x00000280cfdef700 nmethod 8742 0x00000280ba70a690 code [0x00000280ba70a820, 0x00000280ba70a928]
Event: 525.269 Thread 0x00000280cfdebd10 8743       4       java.util.stream.ReferencePipeline::anyMatch (18 bytes)
Event: 525.284 Thread 0x00000280cfdef700 8744       1       java.util.Spliterators$EmptySpliterator::estimateSize (2 bytes)
Event: 525.284 Thread 0x00000280cfdef700 nmethod 8744 0x00000280c189ea90 code [0x00000280c189ec20, 0x00000280c189ecf0]
Event: 525.331 Thread 0x00000280cfdebd10 nmethod 8743 0x00000280c189ed90 code [0x00000280c189efc0, 0x00000280c189f698]

GC Heap History (20 events):
Event: 127.787 GC heap before
{Heap before GC invocations=28 (full 0):
 garbage-first heap   total 69632K, used 63052K [0x0000000700000000, 0x0000000800000000)
  region size 2048K, 13 young (26624K), 2 survivors (4096K)
 Metaspace       used 49935K, committed 51712K, reserved 1114112K
  class space    used 7311K, committed 8192K, reserved 1048576K
}
Event: 127.836 GC heap after
{Heap after GC invocations=29 (full 0):
 garbage-first heap   total 69632K, used 42119K [0x0000000700000000, 0x0000000800000000)
  region size 2048K, 2 young (4096K), 2 survivors (4096K)
 Metaspace       used 49935K, committed 51712K, reserved 1114112K
  class space    used 7311K, committed 8192K, reserved 1048576K
}
Event: 147.044 GC heap before
{Heap before GC invocations=30 (full 0):
 garbage-first heap   total 71680K, used 62599K [0x0000000700000000, 0x0000000800000000)
  region size 2048K, 12 young (24576K), 2 survivors (4096K)
 Metaspace       used 51800K, committed 53632K, reserved 1114112K
  class space    used 7647K, committed 8576K, reserved 1048576K
}
Event: 147.059 GC heap after
{Heap after GC invocations=31 (full 0):
 garbage-first heap   total 71680K, used 42381K [0x0000000700000000, 0x0000000800000000)
  region size 2048K, 2 young (4096K), 2 survivors (4096K)
 Metaspace       used 51800K, committed 53632K, reserved 1114112K
  class space    used 7647K, committed 8576K, reserved 1048576K
}
Event: 154.982 GC heap before
{Heap before GC invocations=31 (full 0):
 garbage-first heap   total 71680K, used 66957K [0x0000000700000000, 0x0000000800000000)
  region size 2048K, 12 young (24576K), 2 survivors (4096K)
 Metaspace       used 54491K, committed 56384K, reserved 1114112K
  class space    used 8006K, committed 8960K, reserved 1048576K
}
Event: 155.012 GC heap after
{Heap after GC invocations=32 (full 0):
 garbage-first heap   total 75776K, used 47853K [0x0000000700000000, 0x0000000800000000)
  region size 2048K, 2 young (4096K), 2 survivors (4096K)
 Metaspace       used 54491K, committed 56384K, reserved 1114112K
  class space    used 8006K, committed 8960K, reserved 1048576K
}
Event: 162.498 GC heap before
{Heap before GC invocations=32 (full 0):
 garbage-first heap   total 75776K, used 60141K [0x0000000700000000, 0x0000000800000000)
  region size 2048K, 9 young (18432K), 2 survivors (4096K)
 Metaspace       used 55661K, committed 57472K, reserved 1114112K
  class space    used 8181K, committed 9088K, reserved 1048576K
}
Event: 162.613 GC heap after
{Heap after GC invocations=33 (full 0):
 garbage-first heap   total 75776K, used 48687K [0x0000000700000000, 0x0000000800000000)
  region size 2048K, 2 young (4096K), 2 survivors (4096K)
 Metaspace       used 55661K, committed 57472K, reserved 1114112K
  class space    used 8181K, committed 9088K, reserved 1048576K
}
Event: 192.165 GC heap before
{Heap before GC invocations=34 (full 0):
 garbage-first heap   total 100352K, used 75311K [0x0000000700000000, 0x0000000800000000)
  region size 2048K, 11 young (22528K), 2 survivors (4096K)
 Metaspace       used 57036K, committed 58944K, reserved 1114112K
  class space    used 8378K, committed 9344K, reserved 1048576K
}
Event: 192.353 GC heap after
{Heap after GC invocations=35 (full 0):
 garbage-first heap   total 100352K, used 58597K [0x0000000700000000, 0x0000000800000000)
  region size 2048K, 2 young (4096K), 2 survivors (4096K)
 Metaspace       used 57036K, committed 58944K, reserved 1114112K
  class space    used 8378K, committed 9344K, reserved 1048576K
}
Event: 210.993 GC heap before
{Heap before GC invocations=35 (full 0):
 garbage-first heap   total 100352K, used 85221K [0x0000000700000000, 0x0000000800000000)
  region size 2048K, 15 young (30720K), 2 survivors (4096K)
 Metaspace       used 60006K, committed 61888K, reserved 1114112K
  class space    used 8763K, committed 9728K, reserved 1048576K
}
Event: 211.025 GC heap after
{Heap after GC invocations=36 (full 0):
 garbage-first heap   total 100352K, used 59399K [0x0000000700000000, 0x0000000800000000)
  region size 2048K, 2 young (4096K), 2 survivors (4096K)
 Metaspace       used 60006K, committed 61888K, reserved 1114112K
  class space    used 8763K, committed 9728K, reserved 1048576K
}
Event: 218.849 GC heap before
{Heap before GC invocations=36 (full 0):
 garbage-first heap   total 100352K, used 90119K [0x0000000700000000, 0x0000000800000000)
  region size 2048K, 17 young (34816K), 2 survivors (4096K)
 Metaspace       used 62297K, committed 64192K, reserved 1114112K
  class space    used 9058K, committed 9984K, reserved 1048576K
}
Event: 218.982 GC heap after
{Heap after GC invocations=37 (full 0):
 garbage-first heap   total 100352K, used 61103K [0x0000000700000000, 0x0000000800000000)
  region size 2048K, 3 young (6144K), 3 survivors (6144K)
 Metaspace       used 62297K, committed 64192K, reserved 1114112K
  class space    used 9058K, committed 9984K, reserved 1048576K
}
Event: 227.789 GC heap before
{Heap before GC invocations=38 (full 0):
 garbage-first heap   total 106496K, used 89775K [0x0000000700000000, 0x0000000800000000)
  region size 2048K, 17 young (34816K), 3 survivors (6144K)
 Metaspace       used 64233K, committed 66048K, reserved 1114112K
  class space    used 9331K, committed 10240K, reserved 1048576K
}
Event: 228.290 GC heap after
{Heap after GC invocations=39 (full 0):
 garbage-first heap   total 106496K, used 62135K [0x0000000700000000, 0x0000000800000000)
  region size 2048K, 2 young (4096K), 2 survivors (4096K)
 Metaspace       used 64233K, committed 66048K, reserved 1114112K
  class space    used 9331K, committed 10240K, reserved 1048576K
}
Event: 261.096 GC heap before
{Heap before GC invocations=39 (full 0):
 garbage-first heap   total 106496K, used 72375K [0x0000000700000000, 0x0000000800000000)
  region size 2048K, 7 young (14336K), 2 survivors (4096K)
 Metaspace       used 64484K, committed 66304K, reserved 1114112K
  class space    used 9350K, committed 10240K, reserved 1048576K
}
Event: 261.214 GC heap after
{Heap after GC invocations=40 (full 0):
 garbage-first heap   total 106496K, used 64788K [0x0000000700000000, 0x0000000800000000)
  region size 2048K, 1 young (2048K), 1 survivors (2048K)
 Metaspace       used 64484K, committed 66304K, reserved 1114112K
  class space    used 9350K, committed 10240K, reserved 1048576K
}
Event: 300.448 GC heap before
{Heap before GC invocations=41 (full 0):
 garbage-first heap   total 110592K, used 87316K [0x0000000700000000, 0x0000000800000000)
  region size 2048K, 12 young (24576K), 1 survivors (2048K)
 Metaspace       used 65632K, committed 67520K, reserved 1114112K
  class space    used 9509K, committed 10432K, reserved 1048576K
}
Event: 300.654 GC heap after
{Heap after GC invocations=42 (full 0):
 garbage-first heap   total 225280K, used 64287K [0x0000000700000000, 0x0000000800000000)
  region size 2048K, 1 young (2048K), 1 survivors (2048K)
 Metaspace       used 65632K, committed 67520K, reserved 1114112K
  class space    used 9509K, committed 10432K, reserved 1048576K
}

Dll operation events (20 events):
Event: 2.142 Attempting to load shared library C:\Users\System Bilgisayar\.vscode\extensions\redhat.java-1.56.0-win32-x64\jre\21.0.12.1-win32-x86_64\bin\nio.dll
Event: 2.143 Loaded shared library C:\Users\System Bilgisayar\.vscode\extensions\redhat.java-1.56.0-win32-x64\jre\21.0.12.1-win32-x86_64\bin\nio.dll
Event: 2.149 Attempting to load shared library C:\Users\System Bilgisayar\.vscode\extensions\redhat.java-1.56.0-win32-x64\jre\21.0.12.1-win32-x86_64\bin\zip.dll
Event: 2.149 Loaded shared library C:\Users\System Bilgisayar\.vscode\extensions\redhat.java-1.56.0-win32-x64\jre\21.0.12.1-win32-x86_64\bin\zip.dll
Event: 11.106 Attempting to load shared library C:\Users\System Bilgisayar\.vscode\extensions\redhat.java-1.56.0-win32-x64\jre\21.0.12.1-win32-x86_64\bin\jimage.dll
Event: 11.106 Loaded shared library C:\Users\System Bilgisayar\.vscode\extensions\redhat.java-1.56.0-win32-x64\jre\21.0.12.1-win32-x86_64\bin\jimage.dll
Event: 13.773 Attempting to load shared library C:\Users\System Bilgisayar\.vscode\extensions\redhat.java-1.56.0-win32-x64\jre\21.0.12.1-win32-x86_64\bin\verify.dll
Event: 13.775 Loaded shared library C:\Users\System Bilgisayar\.vscode\extensions\redhat.java-1.56.0-win32-x64\jre\21.0.12.1-win32-x86_64\bin\verify.dll
Event: 17.178 Attempting to load shared library C:\Users\System Bilgisayar\.gradle\native\c067742578af261105cb4f569cf0c3c89f3d7b1fecec35dd04571415982c5e48\windows-amd64\native-platform.dll
Event: 20.439 Loaded shared library C:\Users\System Bilgisayar\.gradle\native\c067742578af261105cb4f569cf0c3c89f3d7b1fecec35dd04571415982c5e48\windows-amd64\native-platform.dll
Event: 24.375 Attempting to load shared library C:\Users\System Bilgisayar\.gradle\native\38dada09dfb8b06ba9b0570ebf7e218e3eb74d4ef43ca46872605cf95ebc2f47\windows-amd64\native-platform-file-events.dll
Event: 25.054 Loaded shared library C:\Users\System Bilgisayar\.gradle\native\38dada09dfb8b06ba9b0570ebf7e218e3eb74d4ef43ca46872605cf95ebc2f47\windows-amd64\native-platform-file-events.dll
Event: 38.030 Attempting to load shared library C:\Users\System Bilgisayar\.vscode\extensions\redhat.java-1.56.0-win32-x64\jre\21.0.12.1-win32-x86_64\bin\management.dll
Event: 38.035 Loaded shared library C:\Users\System Bilgisayar\.vscode\extensions\redhat.java-1.56.0-win32-x64\jre\21.0.12.1-win32-x86_64\bin\management.dll
Event: 38.041 Attempting to load shared library C:\Users\System Bilgisayar\.vscode\extensions\redhat.java-1.56.0-win32-x64\jre\21.0.12.1-win32-x86_64\bin\management_ext.dll
Event: 38.044 Loaded shared library C:\Users\System Bilgisayar\.vscode\extensions\redhat.java-1.56.0-win32-x64\jre\21.0.12.1-win32-x86_64\bin\management_ext.dll
Event: 40.007 Attempting to load shared library C:\Users\System Bilgisayar\.vscode\extensions\redhat.java-1.56.0-win32-x64\jre\21.0.12.1-win32-x86_64\bin\extnet.dll
Event: 40.009 Loaded shared library C:\Users\System Bilgisayar\.vscode\extensions\redhat.java-1.56.0-win32-x64\jre\21.0.12.1-win32-x86_64\bin\extnet.dll
Event: 41.402 Attempting to load shared library C:\Users\System Bilgisayar\.vscode\extensions\redhat.java-1.56.0-win32-x64\jre\21.0.12.1-win32-x86_64\bin\sunmscapi.dll
Event: 41.520 Loaded shared library C:\Users\System Bilgisayar\.vscode\extensions\redhat.java-1.56.0-win32-x64\jre\21.0.12.1-win32-x86_64\bin\sunmscapi.dll

Deoptimization events (20 events):
Event: 516.818 Thread 0x0000028118f0ee30 Uncommon trap: trap_request=0xffffffde fr.pc=0x00000280c1465af0 relative=0x00000000000002b0
Event: 516.818 Thread 0x0000028118f0ee30 Uncommon trap: reason=class_check action=maybe_recompile pc=0x00000280c1465af0 method=java.util.stream.StreamOpFlag.fromCharacteristics(Ljava/util/Spliterator;)I @ 14 c2
Event: 516.818 Thread 0x0000028118f0ee30 DEOPT PACKING pc=0x00000280c1465af0 sp=0x000000925cafd4a0
Event: 516.818 Thread 0x0000028118f0ee30 DEOPT UNPACKING pc=0x00000280c0ef4422 sp=0x000000925cafd388 mode 2
Event: 525.269 Thread 0x0000028118f0ee30 Uncommon trap: trap_request=0xffffffc6 fr.pc=0x00000280c1775280 relative=0x00000000000008c0
Event: 525.272 Thread 0x0000028118f0ee30 Uncommon trap: reason=bimorphic_or_optimized_type_check action=maybe_recompile pc=0x00000280c1775280 method=java.util.stream.MatchOps$MatchOp.evaluateSequential(Ljava/util/stream/PipelineHelper;Ljava/util/Spliterator;)Ljava/lang/Boolean; @ 14 c2
Event: 525.272 Thread 0x0000028118f0ee30 DEOPT PACKING pc=0x00000280c1775280 sp=0x000000925caf9310
Event: 525.272 Thread 0x0000028118f0ee30 DEOPT UNPACKING pc=0x00000280c0ef4422 sp=0x000000925caf9248 mode 2
Event: 525.272 Thread 0x0000028118f0ee30 Uncommon trap: trap_request=0xffffff45 fr.pc=0x00000280c184e024 relative=0x0000000000000724
Event: 525.272 Thread 0x0000028118f0ee30 Uncommon trap: reason=unstable_if action=reinterpret pc=0x00000280c184e024 method=java.util.stream.ReferencePipeline$7$1.accept(Ljava/lang/Object;)V @ 25 c2
Event: 525.272 Thread 0x0000028118f0ee30 DEOPT PACKING pc=0x00000280c184e024 sp=0x000000925caf9150
Event: 525.272 Thread 0x0000028118f0ee30 DEOPT UNPACKING pc=0x00000280c0ef4422 sp=0x000000925caf90f8 mode 2
Event: 525.337 Thread 0x0000028118f0ee30 Uncommon trap: trap_request=0xffffff45 fr.pc=0x00000280c16c34c0 relative=0x0000000000000200
Event: 525.337 Thread 0x0000028118f0ee30 Uncommon trap: reason=unstable_if action=reinterpret pc=0x00000280c16c34c0 method=com.google.common.collect.RegularImmutableSet.contains(Ljava/lang/Object;)Z @ 11 c2
Event: 525.337 Thread 0x0000028118f0ee30 DEOPT PACKING pc=0x00000280c16c34c0 sp=0x000000925caf9420
Event: 525.337 Thread 0x0000028118f0ee30 DEOPT UNPACKING pc=0x00000280c0ef4422 sp=0x000000925caf93b8 mode 2
Event: 525.524 Thread 0x0000028118f0ee30 Uncommon trap: trap_request=0xffffff45 fr.pc=0x00000280c18179cc relative=0x000000000000044c
Event: 525.524 Thread 0x0000028118f0ee30 Uncommon trap: reason=unstable_if action=reinterpret pc=0x00000280c18179cc method=org.gradle.internal.file.FileHierarchySet$Node.isChildOfOrThis(Ljava/lang/String;I)Z @ 89 c2
Event: 525.524 Thread 0x0000028118f0ee30 DEOPT PACKING pc=0x00000280c18179cc sp=0x000000925caf9410
Event: 525.524 Thread 0x0000028118f0ee30 DEOPT UNPACKING pc=0x00000280c0ef4422 sp=0x000000925caf9398 mode 2

Classes loaded (20 events):
Event: 306.208 Loading class java/util/AbstractList$SubList$1
Event: 306.214 Loading class java/util/AbstractList$SubList$1 done
Event: 385.919 Loading class java/lang/AbstractMethodError
Event: 385.937 Loading class java/lang/AbstractMethodError done
Event: 503.643 Loading class sun/reflect/annotation/AnnotationInvocationHandler$1
Event: 503.718 Loading class sun/reflect/annotation/AnnotationInvocationHandler$1 done
Event: 513.158 Loading class java/util/TreeMap$KeySpliterator
Event: 513.164 Loading class java/util/TreeMap$TreeMapSpliterator
Event: 513.165 Loading class java/util/TreeMap$TreeMapSpliterator done
Event: 513.165 Loading class java/util/TreeMap$KeySpliterator done
Event: 520.625 Loading class java/util/stream/ReferencePipeline$4
Event: 520.645 Loading class java/util/stream/IntPipeline$StatelessOp
Event: 520.662 Loading class java/util/stream/IntPipeline$StatelessOp done
Event: 520.662 Loading class java/util/stream/ReferencePipeline$4 done
Event: 520.688 Loading class java/util/stream/ReduceOps$6
Event: 520.701 Loading class java/util/stream/ReduceOps$6 done
Event: 520.703 Loading class java/util/stream/ReduceOps$5ReducingSink
Event: 520.710 Loading class java/util/stream/ReduceOps$5ReducingSink done
Event: 520.710 Loading class java/util/stream/ReferencePipeline$4$1
Event: 520.717 Loading class java/util/stream/ReferencePipeline$4$1 done

Classes unloaded (0 events):
No events

Classes redefined (0 events):
No events

Internal exceptions (20 events):
Event: 223.505 Thread 0x000002811619e680 Exception <a 'java/lang/ClassNotFoundException'{0x000000070571c928}: org/jetbrains/kotlin/gradle/targets/js/npm/DefaultPeerNpmDependencyExtension$delegate$1Customizer> (0x000000070571c928) 
thrown [s\src\hotspot\share\classfile\systemDictionary.cpp, line 313]
Event: 223.830 Thread 0x000002811619e680 Exception <a 'java/lang/NoSuchMethodError'{0x00000007054654b8}: static Lorg/jetbrains/kotlin/gradle/plugin/internal/DefaultIdeaSyncDetector$createIdeaPropertiesEvaluator$1;.<clinit>()V> (0x00000007054654b8) 
thrown [s\src\hotspot\share\prims\jni.cpp, line 1111]
Event: 305.818 Thread 0x000002811619e680 Implicit null exception at 0x00000280c1700160 to 0x00000280c170067c
Event: 305.820 Thread 0x000002811619e680 Implicit null exception at 0x00000280c1700e40 to 0x00000280c1701354
Event: 306.129 Thread 0x000002811619e680 Exception <a 'java/lang/NoSuchMethodError'{0x000000070d4ef9f0}: 'void java.lang.invoke.DirectMethodHandle$Holder.invokeInterface(java.lang.Object, java.lang.Object, java.lang.Object, java.lang.Object)'> (0x000000070d4ef9f0) 
thrown [s\src\hotspot\share\interpreter\linkResolver.cpp, line 773]
Event: 308.712 Thread 0x000002811619e680 Exception <a 'java/lang/ClassNotFoundException'{0x000000070d0eb3f8}: org/gradle/api/internal/tasks/DefaultTaskContainer_DecoratedBeanInfo> (0x000000070d0eb3f8) 
thrown [s\src\hotspot\share\classfile\systemDictionary.cpp, line 313]
Event: 308.730 Thread 0x000002811619e680 Exception <a 'java/lang/ClassNotFoundException'{0x000000070d0fcae8}: org/gradle/api/internal/tasks/DefaultTaskContainerBeanInfo> (0x000000070d0fcae8) 
thrown [s\src\hotspot\share\classfile\systemDictionary.cpp, line 313]
Event: 308.739 Thread 0x000002811619e680 Exception <a 'java/lang/ClassNotFoundException'{0x000000070d10a4a8}: org/gradle/api/internal/tasks/DefaultTaskCollectionBeanInfo> (0x000000070d10a4a8) 
thrown [s\src\hotspot\share\classfile\systemDictionary.cpp, line 313]
Event: 308.741 Thread 0x000002811619e680 Exception <a 'java/lang/ClassNotFoundException'{0x000000070d117e58}: org/gradle/api/internal/DefaultNamedDomainObjectSetBeanInfo> (0x000000070d117e58) 
thrown [s\src\hotspot\share\classfile\systemDictionary.cpp, line 313]
Event: 308.762 Thread 0x000002811619e680 Exception <a 'java/lang/ClassNotFoundException'{0x000000070d1257e0}: org/gradle/api/internal/DefaultNamedDomainObjectSetCustomizer> (0x000000070d1257e0) 
thrown [s\src\hotspot\share\classfile\systemDictionary.cpp, line 313]
Event: 309.105 Thread 0x000002811619e680 Exception <a 'java/lang/ClassNotFoundException'{0x000000070d1ad020}: org/gradle/api/internal/tasks/DefaultTaskCollectionCustomizer> (0x000000070d1ad020) 
thrown [s\src\hotspot\share\classfile\systemDictionary.cpp, line 313]
Event: 309.148 Thread 0x000002811619e680 Exception <a 'java/lang/ClassNotFoundException'{0x000000070ce5c748}: org/gradle/api/internal/tasks/DefaultTaskContainerCustomizer> (0x000000070ce5c748) 
thrown [s\src\hotspot\share\classfile\systemDictionary.cpp, line 313]
Event: 309.236 Thread 0x000002811619e680 Exception <a 'java/lang/ClassNotFoundException'{0x000000070cc304a0}: org/gradle/api/internal/tasks/DefaultTaskContainer_DecoratedCustomizer> (0x000000070cc304a0) 
thrown [s\src\hotspot\share\classfile\systemDictionary.cpp, line 313]
Event: 500.429 Thread 0x000002811619e680 Exception <a 'java/lang/NoSuchMethodError'{0x000000070b22b008}: 'java.lang.Object java.lang.invoke.DirectMethodHandle$Holder.newInvokeSpecial(java.lang.Object, java.lang.Object, java.lang.Object, java.lang.Object, java.lang.Object, java.lang.Object, int)'> (0x000000070b22b008) 
thrown [s\src\hotspot\share\interpreter\linkResolver.cpp, line 773]
Event: 500.452 Thread 0x000002811619e680 Exception <a 'java/lang/NoSuchMethodError'{0x000000070b230258}: 'java.lang.Object java.lang.invoke.DirectMethodHandle$Holder.invokeSpecial(java.lang.Object, java.lang.Object, java.lang.Object, java.lang.Object, java.lang.Object, java.lang.Object, java.lang.Object, int)'> (0x000000070b230258) 
thrown [s\src\hotspot\share\interpreter\linkResolver.cpp, line 773]
Event: 500.454 Thread 0x000002811619e680 Exception <a 'java/lang/NoSuchMethodError'{0x000000070b235088}: 'java.lang.Object java.lang.invoke.Invokers$Holder.linkToTargetMethod(java.lang.Object, java.lang.Object, java.lang.Object, java.lang.Object, java.lang.Object, int, java.lang.Object)'> (0x000000070b235088) 
thrown [s\src\hotspot\share\interpreter\linkResolver.cpp, line 773]
Event: 512.695 Thread 0x000002811619ed10 Exception <a 'java/lang/NoSuchMethodError'{0x000000070a96fbf0}: 'java.lang.Object java.lang.invoke.DirectMethodHandle$Holder.invokeVirtual(java.lang.Object, java.lang.Object, java.lang.Object, java.lang.Object, java.lang.Object, java.lang.Object, java.lang.Object, java.lang.Object, java.lang.Object, java.lang.Object, java.lang.Object, java.lang.Object, java.lang.Object, java.lang.Object, java.lang.Object, java.lang.Object, java.lang.Object, java.lang.Object, java.lang.Object)'> (0x000000070a96fbf0) 
thrown
Event: 515.663 Thread 0x000002811619ed10 Exception <a 'java/lang/NoSuchMethodError'{0x000000070a755e18}: 'void java.lang.invoke.DirectMethodHandle$Holder.invokeVirtual(java.lang.Object, java.lang.Object)'> (0x000000070a755e18) 
thrown [s\src\hotspot\share\interpreter\linkResolver.cpp, line 773]
Event: 516.293 Thread 0x0000028118f0ee30 Exception <a 'java/lang/NoSuchMethodError'{0x000000070a461288}: 'void java.lang.invoke.DirectMethodHandle$Holder.invokeSpecial(java.lang.Object, java.lang.Object, java.lang.Object, java.lang.Object, int, java.lang.Object, java.lang.Object)'> (0x000000070a461288) 
thrown [s\src\hotspot\share\interpreter\linkResolver.cpp, line 773]
Event: 524.903 Thread 0x0000028118f0ee30 Exception <a 'java/lang/NoSuchMethodError'{0x000000070a2c24b8}: 'int java.lang.invoke.DirectMethodHandle$Holder.invokeSpecial(java.lang.Object, java.lang.Object, java.lang.Object, java.lang.Object, java.lang.Object)'> (0x000000070a2c24b8) 
thrown [s\src\hotspot\share\interpreter\linkResolver.cpp, line 773]

ZGC Phase Switch (0 events):
No events

VM Operations (20 events):
Event: 514.649 Executing non-safepoint VM operation: HandshakeAllThreads (Deoptimize)
Event: 514.649 Executing non-safepoint VM operation: HandshakeAllThreads (Deoptimize) done
Event: 516.098 Executing non-safepoint VM operation: HandshakeAllThreads (Deoptimize)
Event: 516.098 Executing non-safepoint VM operation: HandshakeAllThreads (Deoptimize) done
Event: 516.098 Executing safepoint VM operation: Cleanup
Event: 516.098 Executing safepoint VM operation: Cleanup done
Event: 516.623 Executing non-safepoint VM operation: HandshakeAllThreads (Deoptimize)
Event: 516.632 Executing non-safepoint VM operation: HandshakeAllThreads (Deoptimize) done
Event: 517.633 Executing safepoint VM operation: Cleanup
Event: 517.971 Executing safepoint VM operation: Cleanup done
Event: 518.974 Executing safepoint VM operation: Cleanup
Event: 518.975 Executing safepoint VM operation: Cleanup done
Event: 520.984 Executing safepoint VM operation: Cleanup
Event: 521.015 Executing safepoint VM operation: Cleanup done
Event: 522.018 Executing safepoint VM operation: Cleanup
Event: 522.373 Executing safepoint VM operation: Cleanup done
Event: 524.400 Executing safepoint VM operation: Cleanup
Event: 524.416 Executing safepoint VM operation: Cleanup done
Event: 524.850 Executing non-safepoint VM operation: HandshakeAllThreads (Deoptimize)
Event: 524.850 Executing non-safepoint VM operation: HandshakeAllThreads (Deoptimize) done

Memory protections (0 events):
No events

Nmethod flushes (20 events):
Event: 264.955 Thread 0x00000280cfdce330 flushing  nmethod 0x00000280b9f4ab10
Event: 264.955 Thread 0x00000280cfdce330 flushing  nmethod 0x00000280ba039810
Event: 264.956 Thread 0x00000280cfdce330 flushing  nmethod 0x00000280ba101d90
Event: 264.956 Thread 0x00000280cfdce330 flushing  nmethod 0x00000280ba105390
Event: 264.956 Thread 0x00000280cfdce330 flushing  nmethod 0x00000280ba105810
Event: 264.956 Thread 0x00000280cfdce330 flushing  nmethod 0x00000280ba106390
Event: 264.961 Thread 0x00000280cfdce330 flushing  nmethod 0x00000280c16cfa10
Event: 264.961 Thread 0x00000280cfdce330 flushing  nmethod 0x00000280c1720390
Event: 264.961 Thread 0x00000280cfdce330 flushing  nmethod 0x00000280b99f0a90
Event: 264.961 Thread 0x00000280cfdce330 flushing  nmethod 0x00000280b9a18990
Event: 264.961 Thread 0x00000280cfdce330 flushing  nmethod 0x00000280b9b17410
Event: 264.961 Thread 0x00000280cfdce330 flushing  nmethod 0x00000280b9bf4590
Event: 264.962 Thread 0x00000280cfdce330 flushing  nmethod 0x00000280b9bf4e10
Event: 264.966 Thread 0x00000280cfdce330 flushing  nmethod 0x00000280b9bf6590
Event: 264.966 Thread 0x00000280cfdce330 flushing  nmethod 0x00000280b9db6410
Event: 264.966 Thread 0x00000280cfdce330 flushing  nmethod 0x00000280b9e66a10
Event: 264.968 Thread 0x00000280cfdce330 flushing  nmethod 0x00000280b9e8b810
Event: 264.968 Thread 0x00000280cfdce330 flushing  nmethod 0x00000280b9f10010
Event: 264.968 Thread 0x00000280cfdce330 flushing  nmethod 0x00000280b9f6e190
Event: 264.968 Thread 0x00000280cfdce330 flushing  nmethod 0x00000280b9fa7610

Events (20 events):
Event: 78.746 Thread 0x000002811619e680 Thread added: 0x000002811681edf0
Event: 90.215 Thread 0x000002811619e680 Thread added: 0x0000028116820830
Event: 103.000 Thread 0x00000281161a1470 Thread exited: 0x00000281161a1470
Event: 106.392 Thread 0x000002811619e680 Thread added: 0x0000028116824340
Event: 121.107 Thread 0x000002811619e680 Thread added: 0x0000028118f0cd60
Event: 121.107 Thread 0x000002811619e680 Thread added: 0x0000028118f0c6d0
Event: 121.108 Thread 0x000002811619e680 Thread added: 0x0000028118f0c040
Event: 123.659 Thread 0x000002811619e680 Thread added: 0x0000028118f0b320
Event: 123.664 Thread 0x000002811619e680 Thread added: 0x0000028118f0ac90
Event: 123.669 Thread 0x000002811619e680 Thread added: 0x0000028118f0d3f0
Event: 136.795 Thread 0x000002811619e680 Thread added: 0x0000028118f0b9b0
Event: 159.983 Thread 0x000002811619e680 Thread added: 0x0000028118f0f4c0
Event: 331.308 Thread 0x000002811619ed10 Thread exited: 0x000002811619ed10
Event: 413.323 Thread 0x00000281161a0750 Thread added: 0x0000028118f0ee30
Event: 476.394 Thread 0x0000028118f0ee30 Thread exited: 0x0000028118f0ee30
Event: 509.292 Thread 0x000002811619e680 Thread added: 0x0000028118f0ee30
Event: 509.825 Thread 0x0000028118f0ee30 Thread added: 0x0000028118f09f70
Event: 509.826 Thread 0x0000028118f0ee30 Thread added: 0x0000028118f11590
Event: 509.826 Thread 0x0000028118f0ee30 Thread added: 0x000002811619ed10
Event: 511.718 Thread 0x000002811619ed10 Thread added: 0x000002811a451fa0


Dynamic libraries:
0x00007ff6b53f0000 - 0x00007ff6b53fe000 	C:\Users\System Bilgisayar\.vscode\extensions\redhat.java-1.56.0-win32-x64\jre\21.0.12.1-win32-x86_64\bin\java.exe
0x00007ffde74b0000 - 0x00007ffde76a8000 	C:\WINDOWS\SYSTEM32\ntdll.dll
0x00007ffde6700000 - 0x00007ffde67c2000 	C:\WINDOWS\System32\KERNEL32.DLL
0x00007ffde4e00000 - 0x00007ffde50f6000 	C:\WINDOWS\System32\KERNELBASE.dll
0x00007ffde18c0000 - 0x00007ffde1954000 	C:\WINDOWS\SYSTEM32\apphelp.dll
0x00007ffde53d0000 - 0x00007ffde54d0000 	C:\WINDOWS\System32\ucrtbase.dll
0x00007ffdcec30000 - 0x00007ffdcec48000 	C:\Users\System Bilgisayar\.vscode\extensions\redhat.java-1.56.0-win32-x64\jre\21.0.12.1-win32-x86_64\bin\jli.dll
0x00007ffde6cb0000 - 0x00007ffde6e51000 	C:\WINDOWS\System32\USER32.dll
0x00007ffde53a0000 - 0x00007ffde53c2000 	C:\WINDOWS\System32\win32u.dll
0x00007ffde69b0000 - 0x00007ffde69db000 	C:\WINDOWS\System32\GDI32.dll
0x00007ffde5100000 - 0x00007ffde5219000 	C:\WINDOWS\System32\gdi32full.dll
0x00007ffde5270000 - 0x00007ffde530d000 	C:\WINDOWS\System32\msvcp_win.dll
0x00007ffdcf540000 - 0x00007ffdcf55e000 	C:\Users\System Bilgisayar\.vscode\extensions\redhat.java-1.56.0-win32-x64\jre\21.0.12.1-win32-x86_64\bin\VCRUNTIME140.dll
0x00007ffdd3510000 - 0x00007ffdd37ab000 	C:\WINDOWS\WinSxS\amd64_microsoft.windows.common-controls_6595b64144ccf1df_6.0.19041.6456_none_60b8a6cb71f64256\COMCTL32.dll
0x00007ffde6650000 - 0x00007ffde66ee000 	C:\WINDOWS\System32\msvcrt.dll
0x00007ffde6a00000 - 0x00007ffde6a2f000 	C:\WINDOWS\System32\IMM32.DLL
0x00007ffdd4450000 - 0x00007ffdd445c000 	C:\Users\System Bilgisayar\.vscode\extensions\redhat.java-1.56.0-win32-x64\jre\21.0.12.1-win32-x86_64\bin\vcruntime140_1.dll
0x00007ffd98db0000 - 0x00007ffd98e3d000 	C:\Users\System Bilgisayar\.vscode\extensions\redhat.java-1.56.0-win32-x64\jre\21.0.12.1-win32-x86_64\bin\msvcp140.dll
0x00007ffd65270000 - 0x00007ffd66012000 	C:\Users\System Bilgisayar\.vscode\extensions\redhat.java-1.56.0-win32-x64\jre\21.0.12.1-win32-x86_64\bin\server\jvm.dll
0x00007ffde6b90000 - 0x00007ffde6c41000 	C:\WINDOWS\System32\ADVAPI32.dll
0x00007ffde5cd0000 - 0x00007ffde5d6f000 	C:\WINDOWS\System32\sechost.dll
0x00007ffde6530000 - 0x00007ffde6650000 	C:\WINDOWS\System32\RPCRT4.dll
0x00007ffde4dd0000 - 0x00007ffde4df7000 	C:\WINDOWS\System32\bcrypt.dll
0x00007ffde67d0000 - 0x00007ffde683b000 	C:\WINDOWS\System32\WS2_32.dll
0x00007ffde40d0000 - 0x00007ffde411b000 	C:\WINDOWS\SYSTEM32\POWRPROF.dll
0x00007ffdd4330000 - 0x00007ffdd4357000 	C:\WINDOWS\SYSTEM32\WINMM.dll
0x00007ffddba50000 - 0x00007ffddba5a000 	C:\WINDOWS\SYSTEM32\VERSION.dll
0x00007ffde3f40000 - 0x00007ffde3f52000 	C:\WINDOWS\SYSTEM32\UMPDC.dll
0x00007ffde3350000 - 0x00007ffde3362000 	C:\WINDOWS\SYSTEM32\kernel.appcore.dll
0x00007ffdd43b0000 - 0x00007ffdd43ba000 	C:\Users\System Bilgisayar\.vscode\extensions\redhat.java-1.56.0-win32-x64\jre\21.0.12.1-win32-x86_64\bin\jimage.dll
0x00007ffde2890000 - 0x00007ffde2a91000 	C:\WINDOWS\SYSTEM32\DBGHELP.DLL
0x00007ffdce060000 - 0x00007ffdce094000 	C:\WINDOWS\SYSTEM32\dbgcore.DLL
0x00007ffde5310000 - 0x00007ffde5392000 	C:\WINDOWS\System32\bcryptPrimitives.dll
0x00007ffdd2c70000 - 0x00007ffdd2c7f000 	C:\Users\System Bilgisayar\.vscode\extensions\redhat.java-1.56.0-win32-x64\jre\21.0.12.1-win32-x86_64\bin\instrument.dll
0x00007ffdcb7d0000 - 0x00007ffdcb7f0000 	C:\Users\System Bilgisayar\.vscode\extensions\redhat.java-1.56.0-win32-x64\jre\21.0.12.1-win32-x86_64\bin\java.dll
0x00007ffde5560000 - 0x00007ffde5cd0000 	C:\WINDOWS\System32\SHELL32.dll
0x00007ffde2aa0000 - 0x00007ffde3245000 	C:\WINDOWS\SYSTEM32\windows.storage.dll
0x00007ffde5e20000 - 0x00007ffde6174000 	C:\WINDOWS\System32\combase.dll
0x00007ffde4570000 - 0x00007ffde459b000 	C:\WINDOWS\SYSTEM32\Wldp.dll
0x00007ffde6180000 - 0x00007ffde624d000 	C:\WINDOWS\System32\OLEAUT32.dll
0x00007ffde6840000 - 0x00007ffde68ed000 	C:\WINDOWS\System32\SHCORE.dll
0x00007ffde68f0000 - 0x00007ffde694b000 	C:\WINDOWS\System32\shlwapi.dll
0x00007ffde4a70000 - 0x00007ffde4a94000 	C:\WINDOWS\SYSTEM32\profapi.dll
0x00007ffdcb3a0000 - 0x00007ffdcb3b8000 	C:\Users\System Bilgisayar\.vscode\extensions\redhat.java-1.56.0-win32-x64\jre\21.0.12.1-win32-x86_64\bin\zip.dll
0x00007ffdd4270000 - 0x00007ffdd4280000 	C:\Users\System Bilgisayar\.vscode\extensions\redhat.java-1.56.0-win32-x64\jre\21.0.12.1-win32-x86_64\bin\net.dll
0x00007ffddc110000 - 0x00007ffddc21a000 	C:\WINDOWS\SYSTEM32\WINHTTP.dll
0x00007ffde42d0000 - 0x00007ffde433a000 	C:\WINDOWS\system32\mswsock.dll
0x00007ffdc4fd0000 - 0x00007ffdc4fe6000 	C:\Users\System Bilgisayar\.vscode\extensions\redhat.java-1.56.0-win32-x64\jre\21.0.12.1-win32-x86_64\bin\nio.dll
0x00007ffdd0710000 - 0x00007ffdd0720000 	C:\Users\System Bilgisayar\.vscode\extensions\redhat.java-1.56.0-win32-x64\jre\21.0.12.1-win32-x86_64\bin\verify.dll
0x00007ffdc4d10000 - 0x00007ffdc4d37000 	C:\Users\System Bilgisayar\.gradle\native\c067742578af261105cb4f569cf0c3c89f3d7b1fecec35dd04571415982c5e48\windows-amd64\native-platform.dll
0x00007ffd9a4d0000 - 0x00007ffd9a614000 	C:\Users\System Bilgisayar\.gradle\native\38dada09dfb8b06ba9b0570ebf7e218e3eb74d4ef43ca46872605cf95ebc2f47\windows-amd64\native-platform-file-events.dll
0x00007ffddf7a0000 - 0x00007ffddf7aa000 	C:\Users\System Bilgisayar\.vscode\extensions\redhat.java-1.56.0-win32-x64\jre\21.0.12.1-win32-x86_64\bin\management.dll
0x00007ffddf790000 - 0x00007ffddf79c000 	C:\Users\System Bilgisayar\.vscode\extensions\redhat.java-1.56.0-win32-x64\jre\21.0.12.1-win32-x86_64\bin\management_ext.dll
0x00007ffde6e60000 - 0x00007ffde6e68000 	C:\WINDOWS\System32\PSAPI.DLL
0x00007ffde44d0000 - 0x00007ffde44e8000 	C:\WINDOWS\SYSTEM32\CRYPTSP.dll
0x00007ffde3b80000 - 0x00007ffde3bb8000 	C:\WINDOWS\system32\rsaenh.dll
0x00007ffde4a30000 - 0x00007ffde4a5e000 	C:\WINDOWS\SYSTEM32\USERENV.dll
0x00007ffde44c0000 - 0x00007ffde44cc000 	C:\WINDOWS\SYSTEM32\CRYPTBASE.dll
0x00007ffde3f60000 - 0x00007ffde3f9b000 	C:\WINDOWS\SYSTEM32\IPHLPAPI.DLL
0x00007ffde6e70000 - 0x00007ffde6e78000 	C:\WINDOWS\System32\NSI.dll
0x00007ffdd4400000 - 0x00007ffdd4409000 	C:\Users\System Bilgisayar\.vscode\extensions\redhat.java-1.56.0-win32-x64\jre\21.0.12.1-win32-x86_64\bin\extnet.dll
0x00007ffde1430000 - 0x00007ffde143e000 	C:\Users\System Bilgisayar\.vscode\extensions\redhat.java-1.56.0-win32-x64\jre\21.0.12.1-win32-x86_64\bin\sunmscapi.dll
0x00007ffde4c70000 - 0x00007ffde4dcd000 	C:\WINDOWS\System32\CRYPT32.dll
0x00007ffde45e0000 - 0x00007ffde4607000 	C:\WINDOWS\SYSTEM32\ncrypt.dll
0x00007ffde45a0000 - 0x00007ffde45db000 	C:\WINDOWS\SYSTEM32\NTASN1.dll
0x00007ffddfde0000 - 0x00007ffddfde7000 	C:\WINDOWS\system32\wshunix.dll
0x00007ffdcf790000 - 0x00007ffdcf7a7000 	C:\WINDOWS\system32\napinsp.dll
0x00007ffdcfed0000 - 0x00007ffdcfeeb000 	C:\WINDOWS\system32\pnrpnsp.dll
0x00007ffdc52f0000 - 0x00007ffdc530d000 	C:\WINDOWS\system32\wshbth.dll
0x00007ffddfdf0000 - 0x00007ffddfe0d000 	C:\WINDOWS\system32\NLAapi.dll
0x00007ffde3fb0000 - 0x00007ffde407a000 	C:\WINDOWS\SYSTEM32\DNSAPI.dll
0x00007ffde04d0000 - 0x00007ffde04e2000 	C:\WINDOWS\System32\winrnr.dll
0x00007ffdd9fe0000 - 0x00007ffdd9fea000 	C:\Windows\System32\rasadhlp.dll
0x00007ffdd9d50000 - 0x00007ffdd9dd0000 	C:\WINDOWS\System32\fwpuclnt.dll

JVMTI agents:
C:\Users\System Bilgisayar\.gradle\wrapper\dists\gradle-8.7-all\aan3ydargesu18aqyqjwhr3pc\gradle-8.7\lib\agents\gradle-instrumentation-agent-8.7.jar path:C:\Users\System Bilgisayar\.vscode\extensions\redhat.java-1.56.0-win32-x64\jre\21.0.12.1-win32-x86_64\bin\instrument.dll, loaded, initialized, instrumentlib options:none

dbghelp: loaded successfully - version: 4.0.5 - missing functions: none
symbol engine: initialized successfully - sym options: 0x614 - pdb path: .;C:\Users\System Bilgisayar\.vscode\extensions\redhat.java-1.56.0-win32-x64\jre\21.0.12.1-win32-x86_64\bin;C:\WINDOWS\SYSTEM32;C:\WINDOWS\WinSxS\amd64_microsoft.windows.common-controls_6595b64144ccf1df_6.0.19041.6456_none_60b8a6cb71f64256;C:\Users\System Bilgisayar\.vscode\extensions\redhat.java-1.56.0-win32-x64\jre\21.0.12.1-win32-x86_64\bin\server;C:\Users\System Bilgisayar\.gradle\native\c067742578af261105cb4f569cf0c3c89f3d7b1fecec35dd04571415982c5e48\windows-amd64;C:\Users\System Bilgisayar\.gradle\native\38dada09dfb8b06ba9b0570ebf7e218e3eb74d4ef43ca46872605cf95ebc2f47\windows-amd64

VM Arguments:
jvm_args: -XX:MaxMetaspaceSize=2G -XX:+HeapDumpOnOutOfMemoryError --add-opens=java.base/java.util=ALL-UNNAMED --add-opens=java.base/java.lang=ALL-UNNAMED --add-opens=java.base/java.lang.invoke=ALL-UNNAMED --add-opens=java.prefs/java.util.prefs=ALL-UNNAMED --add-opens=java.base/java.nio.charset=ALL-UNNAMED --add-opens=java.base/java.net=ALL-UNNAMED --add-opens=java.base/java.util.concurrent.atomic=ALL-UNNAMED -Xmx4G -Dfile.encoding=utf8 -Duser.country=TR -Duser.language=tr -Duser.variant -javaagent:C:\Users\System Bilgisayar\.gradle\wrapper\dists\gradle-8.7-all\aan3ydargesu18aqyqjwhr3pc\gradle-8.7\lib\agents\gradle-instrumentation-agent-8.7.jar 
java_command: org.gradle.launcher.daemon.bootstrap.GradleDaemon 8.7
java_class_path (initial): C:\Users\System Bilgisayar\.gradle\wrapper\dists\gradle-8.7-all\aan3ydargesu18aqyqjwhr3pc\gradle-8.7\lib\gradle-launcher-8.7.jar
Launcher Type: SUN_STANDARD

[Global flags]
     intx CICompilerCount                          = 3                                         {product} {ergonomic}
     uint ConcGCThreads                            = 1                                         {product} {ergonomic}
     uint G1ConcRefinementThreads                  = 4                                         {product} {ergonomic}
   size_t G1HeapRegionSize                         = 2097152                                   {product} {ergonomic}
    uintx GCDrainStackTargetSize                   = 64                                        {product} {ergonomic}
     bool HeapDumpOnOutOfMemoryError               = true                                   {manageable} {command line}
   size_t InitialHeapSize                          = 56623104                                  {product} {ergonomic}
   size_t MarkStackSize                            = 4194304                                   {product} {ergonomic}
   size_t MaxHeapSize                              = 4294967296                                {product} {command line}
   size_t MaxMetaspaceSize                         = 2147483648                                {product} {command line}
   size_t MaxNewSize                               = 2575302656                                {product} {ergonomic}
   size_t MinHeapDeltaBytes                        = 2097152                                   {product} {ergonomic}
   size_t MinHeapSize                              = 8388608                                   {product} {ergonomic}
    uintx NonNMethodCodeHeapSize                   = 5832780                                {pd product} {ergonomic}
    uintx NonProfiledCodeHeapSize                  = 122912730                              {pd product} {ergonomic}
    uintx ProfiledCodeHeapSize                     = 122912730                              {pd product} {ergonomic}
    uintx ReservedCodeCacheSize                    = 251658240                              {pd product} {ergonomic}
     bool SegmentedCodeCache                       = true                                      {product} {ergonomic}
   size_t SoftMaxHeapSize                          = 4294967296                             {manageable} {ergonomic}
     bool UseCompressedOops                        = true                           {product lp64_product} {ergonomic}
     bool UseG1GC                                  = true                                      {product} {ergonomic}
     bool UseLargePagesIndividualAllocation        = false                                  {pd product} {ergonomic}

Logging:
Log output configuration:
 #0: stdout all=warning uptime,level,tags foldmultilines=false
 #1: stderr all=off uptime,level,tags foldmultilines=false

Release file:
JAVA_VERSION="21.0.12.1" 
MODULES="java.base java.compiler java.datatransfer java.xml java.prefs java.desktop java.instrument java.logging java.management java.security.sasl java.naming java.rmi java.management.rmi java.net.http java.scripting java.security.jgss java.transaction.xa java.sql java.sql.rowset java.xml.crypto java.se java.smartcardio jdk.accessibility jdk.internal.jvmstat jdk.attach jdk.charsets jdk.internal.opt jdk.zipfs jdk.compiler jdk.crypto.ec jdk.crypto.cryptoki jdk.crypto.mscapi jdk.dynalink jdk.internal.ed jdk.editpad jdk.hotspot.agent jdk.httpserver jdk.internal.le jdk.internal.vm.ci jdk.internal.vm.compiler jdk.internal.vm.compiler.management jdk.jartool jdk.javadoc jdk.jcmd jdk.management jdk.management.agent jdk.jconsole jdk.jdeps jdk.jdwp.agent jdk.jdi jdk.jfr jdk.jshell jdk.jsobject jdk.jstatd jdk.localedata jdk.management.jfr jdk.naming.dns jdk.naming.rmi jdk.net jdk.nio.mapmode jdk.random jdk.sctp jdk.security.auth jdk.security.jgss jdk.unsupported jdk.unsupported.desktop jdk.xml.dom" 

Environment Variables:
JAVA_HOME=C:\Program Files\Java\jdk-17
PATH=C:\Program Files\Python314\Scripts\;C:\Program Files\Python314\;C:\Program Files\Zulu\zulu-11\bin\;C:\flutter\bin;C:\Windows\system32;C:\Windows;C:\Windows\System32\Wbem;C:\Windows\System32\WindowsPowerShell\v1.0\;C:\Windows\System32\OpenSSH\;C:\Program Files\Microsoft SQL Server\150\Tools\Binn\;C:\WINDOWS\system32;C:\WINDOWS;C:\WINDOWS\System32\Wbem;C:\WINDOWS\System32\WindowsPowerShell\v1.0\;C:\WINDOWS\System32\OpenSSH\;C:\Program Files (x86)\Git\cmd;C:\Program Files\Java\jdk-23;C:\xampp\php;C:\composer;C:\nodejs;C:\Users\System Bilgisayar\AppData\Local\Pub\Cache\bin;C:\Program Files\dotnet\;C:\Program Files (x86)\Windows Kits\10\Windows Performance Toolkit\;C:\Program Files\nodejs\;C:\Users\System Bilgisayar\.local\bin;C:\Program Files\MySQL\MySQL Shell 8.0\bin\;E:\Anaconda;C:\Program Files\flutter\bin;E: \Anaconda\Library\mingw-64\bin;E:\Anaconda\Library\usr\bin;E:\Anaconda\Library\bin;E:\Anaconda\Scripts;C:\Users\System Bilgisayar\AppData\Local\Microsoft\WindowsApps;C:\Program Files\JetBrains\IntelliJ IDEA Community Edition 2022.2.3\bin;;C:\Users\System Bilgisayar\AppData\Local\Programs\Microsoft VS Code\bin;C:\Program Files\Git\bin\;C:\dart-sdk\bin;C:\Users\System Bilgisayar\AppData\Roaming\Composer\vendor\bin;C:\Users\System Bilgisayar\AppData\Local\Microsoft\WinGet\Links;C:\Program Files\Java\jdk-17\bin;C:\Users\System Bilgisayar\.dotnet\tools;C:\Users\System Bilgisayar\AppData\Local\Python\bin;C:\Users\System Bilgisayar\AppData\Roaming\npm
USERNAME=System Bilgisayar
OS=Windows_NT
PROCESSOR_IDENTIFIER=Intel64 Family 6 Model 142 Stepping 9, GenuineIntel
TMP=C:\Users\SYSTEM~1\AppData\Local\Temp
TEMP=C:\Users\SYSTEM~1\AppData\Local\Temp




Periodic native trim disabled

---------------  S Y S T E M  ---------------

OS:
 Windows 10 , 64 bit Build 19041 (10.0.19041.5915)
OS uptime: 0 days 2:46 hours

CPU: total 4 (initial active 4) (2 cores per cpu, 2 threads per core) family 6 model 142 stepping 9 microcode 0xb4, cx8, cmov, fxsr, ht, mmx, 3dnowpref, sse, sse2, sse3, ssse3, sse4.1, sse4.2, popcnt, lzcnt, tsc, tscinvbit, avx, avx2, aes, erms, clmul, bmi1, bmi2, adx, fma, vzeroupper, clflush, clflushopt, rdtscp, f16c
Processor Information for the first 4 processors :
  Max Mhz: 2712, Current Mhz: 2511, Mhz Limit: 2495

Memory: 4k page, system-wide physical 3345M (72M free)
TotalPageFile size 13585M (AvailPageFile size 6M)
current process WorkingSet (physical memory assigned to process): 128M, peak: 172M
current process commit charge ("private bytes"): 452M, peak: 452M

vm_info: OpenJDK 64-Bit Server VM (21.0.12.1+1-LTS) for windows-amd64 JRE (21.0.12.1+1-LTS), built on 2026-08-18T00:00:00Z by "admin" with MS VC++ 17.12 (VS2022)

END.
